client,server,datasource,graph
192.168.1.149:57102,130.206.193.109:443,C:\Users\macie\Downloads\pcap_video.tar\pcap_video\pcap\video_180s1080p_01.pcap,"0,2,0 0,3,0 0,4,1 0,6,0 0,8,0 0,9,0.5 0,10,0 0,13,351 0,14,0.879406 2,0,478.627 2,3,18 2,4,247 2,6,509.8 2,8,523 2,9,498.5 2,10,505.5 2,13,393 2,14,484.228 3,0,505.172 3,2,21 3,4,248.5 3,6,531.2 3,8,544 3,9,520 3,10,527.125 3,13,415 3,14,507.209 4,0,174.946 4,2,18 4,6,35.2 4,8,48 4,9,24 4,10,31.125 4,13,412 4,14,173.061 6,0,5.98444 6,8,3 6,9,6.5 6,10,5.85714 6,14,5.59236 8,0,11.3214 8,6,12 8,10,12 8,14,11.6667 9,0,9.97156 9,6,13.25 9,8,17 9,10,13.3333 9,14,9.31111 10,0,4.97849 10,6,4.2 10,8,14 10,9,2.5 10,14,4.39233 13,0,92.2389 13,4,80 13,6,116.2 13,8,129 13,9,105 13,10,112 13,14,92.0987 14,0,0.325635 14,2,13.6667 14,3,19 14,4,10.5 14,6,0 14,8,0 14,9,0 14,10,0 14,13,434"
192.168.1.149:57100,130.206.193.109:443,C:\Users\macie\Downloads\pcap_video.tar\pcap_video\pcap\video_180s1080p_01.pcap,"0,2,0 0,3,0 0,4,1 0,6,1.1 0,10,0 0,11,352 0,13,11.2 0,14,1.44872 2,0,569.522 2,3,17 2,4,282 2,6,600.4 2,10,585.6 2,11,394 2,13,569 2,14,576.89 3,0,597.23 3,2,21 3,4,284 3,6,621.7 3,10,606.8 3,11,415 3,13,590 3,14,600.13 4,0,126.833 4,2,18 4,6,55.5 4,10,40.6 4,11,413 4,13,136.8 4,14,106.546 6,0,4.32424 6,10,4.25 6,13,3.25 6,14,4.1007 10,0,11.482 10,6,11.4 10,13,8.75 10,14,10.1637 11,0,184.12 11,4,150 11,6,205.8 11,10,191.2 11,13,174.2 11,14,184.351 13,0,18.6369 13,4,54 13,6,18.5 13,10,16.4 13,14,19.4306 14,0,0.514218 14,2,13 14,3,18 14,4,10 14,6,0 14,10,0 14,11,434 14,13,9.6"
192.168.1.149:57102,130.206.193.109:443,C:\Users\macie\Downloads\pcap_video.tar\pcap_video\pcap\video_180s1080p_01.pcap,"0,1,0 0,4,8 0,5,0 0,6,0.636364 0,7,3 0,9,0 0,10,0.166667 0,11,67 0,13,5.28571 0,14,0.892361 1,0,30.5303 1,6,31.25 1,7,23 1,10,28 1,13,26.5 1,14,26.4848 4,0,40.0457 4,1,47 4,5,61 4,6,41 4,7,71 4,9,51 4,10,33.5 4,11,175 4,13,59.5 4,14,46.2395 5,0,102.035 5,1,114 5,4,66 5,6,111.444 5,7,137 5,10,103.5 5,13,103 5,14,103.544 6,0,29.2798 6,1,5 6,4,159 6,5,55 6,7,29 6,9,132 6,10,89.5 6,11,133.5 6,13,30.8333 6,14,65.0273 7,0,7.91935 7,6,7.5 7,10,5 7,13,8 7,14,5.70787 9,0,288.176 9,1,319 9,4,207 9,5,205 9,6,299.8 9,7,343 9,10,276.4 9,11,123 9,13,288 9,14,277.154 10,0,18.1807 10,1,2 10,4,134.5 10,5,58 10,6,10 10,7,26 10,9,0 10,11,124 10,13,33 10,14,34.3968 11,0,158.386 11,1,196 11,4,79 11,5,81 11,6,176.5 11,7,219 11,9,121 11,10,147.5 11,13,165 11,14,146.359 13,0,48.508 13,1,7 13,4,130 13,5,16 13,6,37.6364 13,7,2 13,9,135 13,10,76.5 13,11,135.5 13,14,67.1652 14,0,0.630769 14,1,0 14,4,7.33333 14,5,0 14,6,0 14,7,0 14,9,0 14,10,0 14,11,67 14,13,5.14286"
192.168.1.149:57102,130.206.193.109:443,C:\Users\macie\Downloads\pcap_video.tar\pcap_video\pcap\video_180s1080p_01.pcap,"0,6,0 0,9,0 0,10,0 0,14,0.031185 6,0,25.8671 6,9,26.5 6,10,35.5 6,14,25.8726 9,0,7.5799 9,6,9.5 9,10,8.33333 9,14,7.6193 10,0,3.38443 10,6,4 10,9,3 10,14,3.46076 13,0,38.514 13,6,36.5 13,9,35.75 13,10,45.4 13,14,38.4865 14,0,0 14,6,0 14,9,0 14,10,0"
192.168.1.149:57102,130.206.193.109:443,C:\Users\macie\Downloads\pcap_video.tar\pcap_video\pcap\video_180s1080p_01.pcap,"0,2,1 0,4,0 0,6,0 0,10,0 0,11,665 0,12,0 0,13,0 0,14,1.39464 2,0,178.48 2,4,390.5 2,6,176.6 2,10,178.2 2,11,750 2,12,41 2,13,25.5 2,14,223.095 4,0,71.1967 4,6,14 4,10,16 4,11,740 4,12,31 4,13,16 4,14,67.6101 6,0,79.9495 6,2,4 6,4,375.5 6,10,110.429 6,11,715 6,12,6 6,13,4.25 6,14,106.795 10,0,62.1186 10,2,18 10,4,379.5 10,6,7.5 10,11,709 10,12,0 10,13,7.75 10,14,74.499 11,0,22.9808 11,4,21 11,6,27 11,10,24 11,14,23.5233 12,0,719.132 12,4,731 12,6,736 12,10,733 12,11,709 12,14,732.686 13,0,125.564 13,2,3 13,4,376.5 13,6,113.571 13,10,155.6 13,11,718 13,12,9 13,14,165.454 14,0,0.0951327 14,2,0 14,4,0 14,6,0 14,10,0 14,11,709 14,12,0 14,13,0"
192.168.1.149:57102,130.206.193.109:443,C:\Users\macie\Downloads\pcap_video.tar\pcap_video\pcap\video_180s1080p_01.pcap,"0,3,0 0,4,1 0,6,0 0,7,0 0,10,0 0,13,224.375 0,14,1.48653 3,0,2504.26 3,4,2490 3,6,2520.27 3,7,2262 3,10,2516 3,13,2375.14 3,14,2514.16 4,0,26.737 4,6,29.5455 4,10,25.3333 4,13,23.2 4,14,25.584 6,0,283.161 6,3,4 6,4,2494 6,7,2267 6,10,359.714 6,13,582.714 6,14,318.764 7,0,252.129 7,4,227 7,6,257.273 7,10,253 7,13,210 7,14,252.155 10,0,179.126 10,3,1 10,4,2492 10,6,5.72727 10,7,2264 10,13,583.857 10,14,218.593 13,0,36.7694 13,3,7 13,4,220 13,6,24.25 13,7,474 13,10,37.2857 13,14,39.6807 14,0,4.904 14,3,0 14,4,1 14,6,0 14,7,0 14,10,0 14,13,224.375"
192.168.1.149:57136,130.206.193.109:443,C:\Users\macie\Downloads\pcap_video.tar\pcap_video\pcap\video_180s1080p_01.pcap,"0,1,0 0,2,0 0,4,0 0,5,0 0,6,0.142857 0,9,0 0,10,0.5 0,11,64 0,13,120.667 0,14,0.436945 1,0,547.23 1,2,78.5 1,4,374.5 1,6,654.714 1,9,688 1,10,666.5 1,11,80 1,13,607 1,14,507.629 2,0,418.172 2,4,217.5 2,6,497.429 2,9,531 2,10,509.333 2,11,79 2,13,449.333 2,14,390.677 4,0,78.3855 4,6,63.4286 4,9,97 4,10,75 4,13,159.667 4,14,84.8695 5,0,573.615 5,1,27 5,2,106 5,4,402.5 5,6,682.429 5,9,716 5,10,694.167 5,11,108 5,13,634.333 5,14,535.389 6,0,6.37638 6,9,14 6,10,6.83333 6,13,7 6,14,7.37647 9,0,6.42105 9,6,6 9,10,3 9,14,3.85714 10,0,4.13265 10,6,3.6 10,9,11 10,14,4.4684 11,0,468.909 11,2,76 11,4,293.5 11,6,573.714 11,9,607 11,10,585.5 11,13,526 11,14,426.663 13,0,23.7462 13,4,27 13,6,28.5714 13,9,48 13,10,26 13,14,27.702 14,0,1.16256 14,2,0 14,4,0 14,6,0 14,9,0 14,10,0 14,13,135.667"
192.168.1.149:57136,130.206.193.109:443,C:\Users\macie\Downloads\pcap_video.tar\pcap_video\pcap\video_180s1080p_01.pcap,"0,2,0 0,6,0 0,10,0 0,13,0 0,14,0.0165289 2,0,29.1872 2,6,34 2,10,20.4 2,13,19.25 2,14,29.7657 6,0,2.22102 6,10,1.33333 6,13,1.5 6,14,2.23706 10,0,7.83956 10,6,9.8 10,13,6 10,14,8.18121 13,0,7.78767 13,6,8.9 13,10,5 13,14,7.93039 14,0,0 14,2,0 14,6,0 14,10,0 14,13,0"
192.168.1.149:57136,130.206.193.109:443,C:\Users\macie\Downloads\pcap_video.tar\pcap_video\pcap\video_180s1080p_01.pcap,"0,6,0 0,9,0 0,10,0 0,12,0 0,13,0.2 0,14,0.0400844 6,0,3.56328 6,9,4.5 6,10,2.6 6,12,5 6,13,3.8 6,14,3.66316 9,0,9.30481 9,6,10 9,10,7.6 9,12,2 9,13,4 9,14,9.47126 10,0,8.62633 10,6,8.90909 10,9,17 10,12,2 10,13,11 10,14,8.71749 12,0,10.0245 12,6,7.2 12,9,19 12,10,12.5 12,13,2 12,14,10.1579 13,0,5.21026 13,6,4 13,9,10.5 13,10,8.8 13,12,6 13,14,5.25474 14,0,0.00400802 14,6,0 14,9,0 14,10,0 14,12,0 14,13,0.2"
192.168.1.149:57102,130.206.193.109:443,C:\Users\macie\Downloads\pcap_video.tar\pcap_video\pcap\video_180s1080p_01.pcap,"0,4,0 0,6,0 0,9,0.333333 0,10,0 0,13,28 0,14,0.0833333 4,0,1.46667 4,10,3 4,14,1.57143 6,0,22.254 6,4,186 6,9,12.3333 6,10,37.875 6,13,48.75 6,14,28.4253 9,0,31.3729 9,4,185 9,6,19 9,10,36.4286 9,13,77 9,14,41.0164 10,0,20.7389 10,4,186 10,6,4.57143 10,9,6 10,13,54.25 10,14,26.6913 13,0,18.6366 13,4,21 13,6,21.75 13,9,10.6667 13,10,15.875 13,14,17.4418 14,0,0.336245 14,4,0 14,6,0 14,9,0.333333 14,10,0 14,13,27.4"
192.168.1.149:57102,130.206.193.109:443,C:\Users\macie\Downloads\pcap_video.tar\pcap_video\pcap\video_180s1080p_01.pcap,"0,6,0 0,9,0 0,10,0 0,13,0 0,14,0.021978 6,0,2.37654 6,9,2 6,10,2.57143 6,13,2 6,14,2.57674 9,0,14.1833 9,6,17 9,10,14 9,13,13.5 9,14,14.2511 10,0,5.25172 10,6,5.41667 10,9,6 10,13,5.6 10,14,5.30199 13,0,6.67197 13,6,7 13,9,12 13,10,7 13,14,6.73 14,0,0 14,6,0 14,9,0 14,10,0 14,13,0"
192.168.1.149:57102,130.206.193.109:443,C:\Users\macie\Downloads\pcap_video.tar\pcap_video\pcap\video_180s1080p_01.pcap,"0,1,0 0,4,0 0,6,0 0,10,0.25 0,13,0 0,14,0.0255102 1,0,7.79839 1,6,3 1,10,10.3333 1,14,7.83193 4,0,8.78621 4,1,2 4,6,5 4,10,12.6667 4,14,8.83453 6,0,4.16164 6,1,7 6,4,5 6,10,4.125 6,13,2 6,14,3.61722 10,0,4.33711 10,1,3 10,4,1 10,6,5.66667 10,13,5 10,14,4.73473 13,0,10.2328 13,1,11 13,4,8 13,6,6.7 13,10,11.75 13,14,8.52715 14,0,0.00259067 14,1,0 14,4,0 14,6,0 14,10,0.125 14,13,0"
192.168.1.149:57136,130.206.193.109:443,C:\Users\macie\Downloads\pcap_video.tar\pcap_video\pcap\video_180s1080p_01.pcap,"0,4,1 0,6,0 0,9,0 0,10,0 0,13,25.2 0,14,0.238384 4,0,29.2506 4,6,16.6667 4,9,55 4,10,30.2 4,13,48.5 4,14,28.3929 6,0,4.69398 6,9,11 6,10,7.25 6,13,7.75 6,14,4.84406 9,0,0 9,14,0.461538 10,0,6.49883 10,6,7.77778 10,9,5 10,13,3.5 10,14,6.40845 13,0,100.046 13,4,131 13,6,129.444 13,9,0 13,10,92.2 13,14,101.03 14,0,0.312629 14,4,1 14,6,0 14,9,0 14,10,0 14,13,25.2"
192.168.1.149:57136,130.206.193.109:443,C:\Users\macie\Downloads\pcap_video.tar\pcap_video\pcap\video_180s1080p_01.pcap,"0,6,0.0833333 0,10,0 0,13,0 0,14,0.0287356 6,0,3.19634 6,10,3.25 6,13,3.33333 6,14,3.02766 10,0,12.9817 10,6,13.25 10,13,14.8333 10,14,12.7175 13,0,4.85662 13,6,5.33333 13,10,7.5 13,14,5.42192 14,0,0 14,6,0 14,10,0 14,13,0"
192.168.1.149:57102,130.206.193.109:443,C:\Users\macie\Downloads\pcap_video.tar\pcap_video\pcap\video_180s1080p_01.pcap,"0,4,0 0,5,0 0,6,0.1 0,9,0 0,10,0.8 0,13,35.8 0,14,0.0730689 4,0,97.6915 4,5,1 4,6,108.625 4,9,1 4,10,20.6 4,13,168.75 4,14,100.983 5,0,251.902 5,4,252 5,6,234.625 5,9,0 5,10,222.8 5,13,231 5,14,253.8 6,0,23.1674 6,4,9 6,5,9 6,9,9 6,10,13 6,13,39 6,14,26.3141 9,0,253.415 9,4,252 9,6,234 9,10,222.6 9,13,230.25 9,14,254.666 10,0,89.5714 10,4,238 10,6,85.625 10,13,156.5 10,14,91.7723 13,0,18.0022 13,4,9.5 13,5,11 13,6,23.6667 13,9,12 13,10,23.8 13,14,18.1889 14,0,0.419355 14,4,0 14,5,0 14,6,0.1 14,9,0 14,10,0.8 14,13,35.8"
192.168.1.149:57102,130.206.193.109:443,C:\Users\macie\Downloads\pcap_video.tar\pcap_video\pcap\video_180s1080p_01.pcap,"0,6,0.1 0,8,0 0,10,0.166667 0,13,0 0,14,0.045098 6,0,2.63059 6,8,2 6,10,2.33333 6,13,2.5 6,14,2.57996 8,0,22.1676 8,6,25.75 8,10,25.4 8,13,32 8,14,25.985 10,0,5.84289 10,6,6.11111 10,8,8 10,13,6 10,14,5.92377 13,0,10.8 13,6,11.7 13,8,15 13,10,11 13,14,10.1827 14,0,0.00214133 14,6,0.1 14,8,0 14,10,0 14,13,0"
192.168.1.149:57102,130.206.193.109:443,C:\Users\macie\Downloads\pcap_video.tar\pcap_video\pcap\video_180s1080p_01.pcap,"0,2,0 0,4,0 0,6,0.0833333 0,10,0.25 0,13,4.28571 0,14,0.688645 2,0,236.88 2,4,221 2,6,238.875 2,10,243.333 2,13,195.8 2,14,235.589 4,0,17.1059 4,6,17.125 4,10,22 4,13,15.5 4,14,14.8809 6,0,21.4358 6,2,1 6,4,223 6,10,59.75 6,13,5.57143 6,14,31.2245 10,0,23.0027 10,2,9 10,4,231 10,6,7.9 10,13,13.1667 10,14,29.778 13,0,24.9252 13,2,4 13,4,191 13,6,22.3636 13,10,52.75 13,14,37.2407 14,0,0.114558 14,2,0 14,4,0 14,6,0.0833333 14,10,0.25 14,13,4.28571"
192.168.1.149:57102,130.206.193.109:443,C:\Users\macie\Downloads\pcap_video.tar\pcap_video\pcap\video_180s1080p_01.pcap,"0,6,0.111111 0,9,0 0,10,0 0,13,0 0,14,0.0209524 6,0,4.18797 6,9,5.5 6,10,4.83333 6,13,4.25 6,14,4.45474 9,0,6.65746 9,6,10.6667 9,10,5.33333 9,13,9 9,14,7.30357 10,0,4.00696 10,6,5.22222 10,9,3 10,13,4.75 10,14,4.1505 13,0,8.52185 13,6,7.75 13,9,7.5 13,10,8.33333 13,14,8.48465 14,0,0 14,6,0 14,9,0 14,10,0 14,13,0"
192.168.1.149:57136,130.206.193.109:443,C:\Users\macie\Downloads\pcap_video.tar\pcap_video\pcap\video_180s1080p_01.pcap,"0,1,0 0,4,0 0,5,0 0,6,0 0,9,0 0,10,0 0,13,114.25 0,14,0.181818 1,0,246.935 1,4,260.5 1,5,11 1,6,262 1,10,258.5 1,13,504.5 1,14,317.468 4,0,55.0504 4,1,59 4,5,1 4,6,40.8 4,9,39 4,10,32.4 4,13,170 4,14,54.8546 5,0,443.515 5,4,501 5,6,507 5,10,504 5,13,493 5,14,469.881 6,0,60.8692 6,1,7 6,4,172 6,5,4 6,9,4 6,10,92.6667 6,13,128.75 6,14,85.7292 9,0,162.043 9,1,20 9,4,280.5 9,5,31 9,6,146.25 9,10,142.25 9,13,524.5 9,14,225.966 10,0,43.5138 10,1,12 10,4,173.667 10,5,8 10,6,6.85714 10,9,30 10,13,127.25 10,14,55.375 13,0,22.0437 13,1,35 13,4,26.3333 13,5,46 13,6,22.6667 13,9,15 13,10,21.5 13,14,22.3524 14,0,0.991649 14,1,0 14,4,0 14,5,0 14,6,0 14,9,0 14,10,0 14,13,114.25"
192.168.1.149:57136,130.206.193.109:443,C:\Users\macie\Downloads\pcap_video.tar\pcap_video\pcap\video_180s1080p_01.pcap,"0,6,0 0,10,0 0,13,0.166667 0,14,0.026178 6,0,4.26531 6,10,3.57143 6,13,3.5 6,14,3.83574 10,0,5.38947 10,6,5.4 10,13,5.5 10,14,5.43421 13,0,4.64986 13,6,4.66667 13,10,4.83333 13,14,4.66189 14,0,0 14,6,0 14,10,0 14,13,0"
192.168.1.149:57136,130.206.193.109:443,C:\Users\macie\Downloads\pcap_video.tar\pcap_video\pcap\video_180s1080p_01.pcap,"0,6,0.1 0,9,0 0,10,0 0,13,0 0,14,0.0125 6,0,2.62187 6,9,1 6,10,2.5 6,13,1.66667 6,14,2.6872 9,0,19.4383 9,6,21.1 9,10,14.2 9,13,23.6667 9,14,19.561 10,0,6.79828 10,6,7.3 10,9,3 10,13,9.66667 10,14,6.84375 13,0,5.19718 13,6,5.66667 13,10,5.5 13,14,5.24818 14,0,0.00200401 14,6,0.1 14,9,0 14,10,0 14,13,0"
192.168.1.149:57102,130.206.193.109:443,C:\Users\macie\Downloads\pcap_video.tar\pcap_video\pcap\video_180s1080p_01.pcap,"0,3,0 0,4,0 0,6,0 0,10,0 0,13,1351.71 0,14,0.0472175 3,0,7011.74 3,4,9510 3,6,9516 3,10,9513 3,13,9502 3,14,7929.32 4,0,4.33333 4,6,6 4,10,3 4,13,8 4,14,4.32836 6,0,1219.38 6,3,4.5 6,4,9515 6,10,1362.14 6,13,1357.57 6,14,1220.49 10,0,838.364 10,3,0 10,4,9510 10,6,4.90909 10,13,1359.43 10,14,752.89 13,0,8.89766 13,3,7.5 13,4,23 13,6,7.5 13,10,8.57143 13,14,8.98106 14,0,25.1538 14,3,0 14,4,0 14,6,0 14,10,0 14,13,1351.71"
192.168.1.149:57102,130.206.193.109:443,C:\Users\macie\Downloads\pcap_video.tar\pcap_video\pcap\video_180s1080p_01.pcap,"0,6,0.0769231 0,10,0 0,13,0 0,14,0.0318021 6,0,2.22025 6,10,2.16667 6,13,1.5 6,14,2.31066 10,0,5.43229 10,6,5.66667 10,13,5 10,14,5.37548 13,0,5.06371 13,6,5.45455 13,10,5.4 13,14,5.25941 14,0,0 14,6,0 14,10,0 14,13,0"
192.168.1.149:57102,130.206.193.109:443,C:\Users\macie\Downloads\pcap_video.tar\pcap_video\pcap\video_180s1080p_01.pcap,"0,6,0 0,9,0 0,10,0 0,13,0 0,14,0.0250522 6,0,3.94019 6,9,5 6,10,3.33333 6,13,6.66667 6,14,3.99 9,0,18.4395 9,6,22.75 9,10,15.2857 9,13,19.3333 9,14,18.5011 10,0,3.62192 10,6,4.375 10,9,3 10,13,5 10,14,3.6472 13,0,10.8669 13,6,9.85714 13,10,11 13,14,10.9806 14,0,0 14,6,0 14,9,0 14,10,0 14,13,0"
192.168.1.149:57102,130.206.193.109:443,C:\Users\macie\Downloads\pcap_video.tar\pcap_video\pcap\video_180s1080p_01.pcap,"0,3,0 0,4,0 0,6,0 0,10,0 0,13,1.125 0,14,0.882353 3,0,277.088 3,4,275 3,6,284.5 3,10,287 3,13,215.5 3,14,280.963 4,0,8.35256 4,6,8.66667 4,10,11.25 4,13,8.33333 4,14,8.44482 6,0,34.6267 6,3,6 6,4,282 6,10,44 6,13,3.16667 6,14,39.8994 10,0,23.5749 10,3,0 10,4,276 10,6,5 10,13,4.71429 10,14,26.5309 13,0,37.1773 13,3,8.5 13,4,265 13,6,27.7273 13,10,38.5 13,14,43.7633 14,0,0.0828877 14,3,0 14,4,0 14,6,0 14,10,0 14,13,1.25"
192.168.1.149:57102,130.206.193.109:443,C:\Users\macie\Downloads\pcap_video.tar\pcap_video\pcap\video_180s1080p_01.pcap,"0,6,0.1 0,9,0 0,10,0 0,13,0 0,14,0.0402194 6,0,4.1295 6,9,3.5 6,10,3.28571 6,13,6.16667 6,14,3.84221 9,0,6.16244 9,6,6.5 9,10,3 9,13,9.66667 9,14,6.2139 10,0,4.17188 10,6,4.625 10,9,2 10,13,5.6 10,14,4.33913 13,0,11.6486 13,6,7.88889 13,9,21.5 13,10,14.7143 13,14,10.1657 14,0,0 14,6,0 14,9,0 14,10,0 14,13,0"
192.168.1.149:57136,130.206.193.109:443,C:\Users\macie\Downloads\pcap_video.tar\pcap_video\pcap\video_180s1080p_01.pcap,"0,3,0 0,4,0 0,6,0 0,9,0 0,10,0 0,11,9265 0,13,103.5 0,14,0.0238971 3,0,9273.9 3,4,9622.5 3,6,9303.25 3,9,9315 3,10,9518 3,11,9265 3,13,9514 3,14,9322.35 4,0,103.062 4,6,15.25 4,9,27 4,10,6.66667 4,13,226 4,14,70.9961 6,0,1136.93 6,3,7 6,4,4970 6,9,2 6,10,1423.43 6,11,9272 6,13,105 6,14,1349.04 9,0,624.892 9,4,643 9,10,645 9,13,621 9,14,642.885 10,0,788.352 10,3,0 10,4,4971 10,6,6.44444 10,9,11 10,11,9265 10,13,112.167 10,14,858.393 11,0,178.28 11,4,357.5 11,6,38.25 11,9,50 11,10,253 11,13,248.333 11,14,157.276 13,0,1899.25 13,3,4.5 13,4,4657 13,6,1554 13,9,5 13,10,1866.4 13,11,9270 13,14,2132.22 14,0,23.2864 14,3,0 14,4,0 14,6,0 14,9,0 14,10,0 14,11,9265 14,13,103.5"
192.168.1.149:57136,130.206.193.109:443,C:\Users\macie\Downloads\pcap_video.tar\pcap_video\pcap\video_180s1080p_01.pcap,"0,6,0 0,10,0 0,13,0 0,14,0.0306306 6,0,2.62044 6,10,2.16667 6,13,2.6 6,14,2.65306 10,0,4.58311 10,6,5 10,13,4.75 10,14,4.71036 13,0,6.91272 13,6,6.18182 13,10,6.66667 13,14,6.63846 14,0,0 14,6,0 14,10,0 14,13,0"
192.168.1.149:57136,130.206.193.109:443,C:\Users\macie\Downloads\pcap_video.tar\pcap_video\pcap\video_180s1080p_01.pcap,"0,6,0 0,9,0 0,10,0 0,13,0 0,14,0.0341113 6,0,2.93122 6,9,2.5 6,10,3.83333 6,13,3.2 6,14,3.35701 9,0,24.3302 9,6,23 9,10,12.2 9,13,23.4 9,14,20.1429 10,0,6.35817 10,6,6 10,9,2.5 10,13,7 10,14,5.82556 13,0,6.8122 13,6,6.3 13,9,14.5 13,10,11.8333 13,14,7.83303 14,0,0 14,6,0 14,9,0 14,10,0 14,13,0"
192.168.1.149:57102,130.206.193.109:443,C:\Users\macie\Downloads\pcap_video.tar\pcap_video\pcap\video_180s1080p_01.pcap,"0,3,0 0,4,0 0,6,0 0,10,0 0,13,24.1667 0,14,0.092562 3,0,168.565 3,4,193 3,10,195 3,13,168 3,14,182.612 4,0,1.71429 4,10,2 4,14,1.675 6,0,26.4018 6,3,6 6,4,200 6,10,27.75 6,13,31.5 6,14,24.5122 10,0,23.3902 10,3,0 10,4,194 10,6,5.3 10,13,32.8333 10,14,20.6239 13,0,7.89716 13,3,9 13,4,24 13,6,4.77778 13,10,8.57143 13,14,7.45908 14,0,0.453552 14,3,0 14,4,0 14,6,0 14,10,0 14,13,24.1667"
192.168.1.149:57102,130.206.193.109:443,C:\Users\macie\Downloads\pcap_video.tar\pcap_video\pcap\video_180s1080p_01.pcap,"0,6,0 0,10,0 0,13,0 0,14,0.0246914 6,0,2.23267 6,10,2 6,13,2.16667 6,14,2.32384 10,0,5.3913 10,6,5.45455 10,13,5.2 10,14,5.14718 13,0,5.27481 13,6,5.75 13,10,5.66667 13,14,5.30571 14,0,0 14,6,0 14,10,0 14,13,0"
192.168.1.149:57102,130.206.193.109:443,C:\Users\macie\Downloads\pcap_video.tar\pcap_video\pcap\video_180s1080p_01.pcap,"0,6,0 0,9,0 0,10,0 0,13,0 0,14,0.0413534 6,0,3.44289 6,9,5.5 6,10,3.85714 6,13,4 6,14,3.95635 9,0,22.0395 9,6,21.75 9,10,15.5 9,13,22.6 9,14,19.4052 10,0,4.83453 10,6,4.875 10,9,2.5 10,13,4.8 10,14,4.42324 13,0,6.18326 13,6,5.55556 13,9,14 13,10,10.2857 13,14,7.34026 14,0,0 14,6,0 14,9,0 14,10,0 14,13,0"
192.168.1.149:57102,130.206.193.109:443,C:\Users\macie\Downloads\pcap_video.tar\pcap_video\pcap\video_180s1080p_01.pcap,"0,3,0 0,4,1 0,6,0 0,10,0 0,11,14 0,13,0 0,14,0.869027 3,0,271.811 3,4,270 3,6,279.5 3,10,276.333 3,11,14 3,13,280.333 3,14,275.547 4,0,7.88961 4,6,8.5 4,10,5.33333 4,13,9.33333 4,14,7.89116 6,0,27.2069 6,3,5 6,4,276 6,10,41.4286 6,11,19 6,13,2.8 6,14,36.4309 10,0,21.6099 10,3,0 10,4,271 10,6,6.1 10,11,14 10,13,5.2 10,14,26.9168 11,0,262.114 11,4,256 11,6,264.833 11,10,261.667 11,13,265.667 11,14,263.492 13,0,42.4243 13,3,9 13,4,280 13,6,31.5 13,10,50.8333 13,11,24 13,14,53.4668 14,0,0.0810811 14,3,0 14,4,1 14,6,0 14,10,0 14,11,14 14,13,0"
192.168.1.149:57136,130.206.193.109:443,C:\Users\macie\Downloads\pcap_video.tar\pcap_video\pcap\video_180s1080p_01.pcap,"0,3,0 0,4,0 0,6,0.0909091 0,10,0 0,13,73.3333 0,14,0.950185 3,0,439.303 3,4,499 3,6,522.333 3,10,393 3,13,407.2 3,14,475.526 4,0,20.4238 4,6,23.1667 4,10,15.3333 4,13,23 4,14,19.8655 6,0,55.4212 6,3,3 6,4,503 6,10,68.75 6,13,81 6,14,68.5213 10,0,41.5124 10,3,1 10,4,471 10,6,6.1 10,13,78.8333 10,14,46.3888 13,0,10.9286 13,3,7 13,4,30 13,6,9.57143 13,10,12.1667 13,14,11.8005 14,0,0.016317 14,3,0 14,4,0 14,6,0.0909091 14,10,0 14,13,73.3333"
192.168.1.149:57136,130.206.193.109:443,C:\Users\macie\Downloads\pcap_video.tar\pcap_video\pcap\video_180s1080p_01.pcap,"0,6,0 0,9,0 0,10,0 0,13,0 0,14,0.0229645 6,0,2.97598 6,9,4.5 6,10,4.6 6,13,2 6,14,3.03189 9,0,3.48315 9,6,4 9,10,1.5 9,14,3.55294 10,0,6.7412 10,6,7.22222 10,9,4.5 10,13,7.5 10,14,6.81641 13,0,7.05 13,6,6.125 13,9,14.5 13,10,8.6 13,14,7.10664 14,0,0 14,6,0 14,9,0 14,10,0 14,13,0"
192.168.1.149:57102,130.206.193.109:443,C:\Users\macie\Downloads\pcap_video.tar\pcap_video\pcap\video_180s1080p_01.pcap,"0,1,0 0,4,0 0,6,0 0,10,0 0,13,12.5 0,14,0.092081 1,0,194.124 1,4,144 1,6,205 1,10,188.667 1,13,195.167 1,14,198.66 4,0,51.9412 4,6,61 4,10,44.6667 4,13,66.4 4,14,57.1766 6,0,9.57106 6,10,6 6,13,12.8 6,14,8.43226 10,0,22.3535 10,1,7 10,4,151 10,6,17.3636 10,13,37.6667 10,14,26.5009 13,0,21.6262 13,4,24 13,6,14.4545 13,10,32.1667 13,14,19.0892 14,0,0.425581 14,1,0 14,4,0 14,6,0 14,10,0 14,13,19.8333"
192.168.1.149:57136,130.206.193.109:443,C:\Users\macie\Downloads\pcap_video.tar\pcap_video\pcap\video_180s1080p_01.pcap,"0,6,0 0,10,0 0,13,17.3333 0,14,0.183716 6,0,11.8444 6,10,6.16667 6,13,27 6,14,13.1663 10,0,14.9083 10,6,9.11111 10,13,22 10,14,16.1843 13,0,13.4489 13,6,11.1111 13,10,22.1667 13,14,13.9646 14,0,0.251004 14,6,0 14,10,0 14,13,17.3333"
192.168.1.149:57136,130.206.193.109:443,C:\Users\macie\Downloads\pcap_video.tar\pcap_video\pcap\video_180s1080p_01.pcap,"0,4,0 0,6,0.0833333 0,10,0.166667 0,13,0 0,14,0.0179856 4,0,39.6699 4,6,36.9167 4,10,30.8333 4,13,36.3333 4,14,34.9275 6,0,2.30769 6,10,1.8 6,13,1.83333 6,14,2.36832 10,0,5.05459 10,6,5.5 10,13,4.83333 10,14,5.20755 13,0,5.55263 13,6,5.54545 13,10,5.4 13,14,5.34774 14,0,0.00478469 14,4,0 14,6,0 14,10,0.166667 14,13,0"
192.168.1.149:57136,130.206.193.109:443,C:\Users\macie\Downloads\pcap_video.tar\pcap_video\pcap\video_180s1080p_01.pcap,"0,6,0.2 0,9,0 0,10,0 0,13,0 0,14,0.0226876 6,0,3.14211 6,9,5 6,10,5.28571 6,13,2 6,14,3.65038 9,0,22.8859 9,6,22.875 9,10,10.8333 9,13,27.25 9,14,18.86 10,0,5.34097 10,6,5.6 10,9,2 10,13,6.6 10,14,4.81149 13,0,8.70811 13,6,8.66667 13,9,14 13,10,13.5714 13,14,10.0292 14,0,0.00498753 14,6,0.2 14,9,0 14,10,0 14,13,0"
192.168.1.149:57102,130.206.193.109:443,C:\Users\macie\Downloads\pcap_video.tar\pcap_video\pcap\video_180s1080p_01.pcap,"0,4,0 0,6,0.1 0,9,0 0,10,0 0,13,34.5 0,14,0.114701 4,0,6.58333 4,6,7 4,10,2 4,13,11 4,14,6.13253 6,0,41.1299 6,4,271 6,9,7 6,10,40 6,13,50.8 6,14,37.0571 9,0,88.4556 9,4,296 9,6,55.5714 9,10,55.5 9,13,151.5 9,14,80.6946 10,0,33.1285 10,4,283 10,6,5.22222 10,9,2 10,13,56.2 10,14,26.9964 13,0,13.1163 13,4,24 13,6,10.8 13,9,16 13,10,16.25 13,14,13.0531 14,0,0.637394 14,4,0 14,6,0.1 14,9,0 14,10,0 14,13,34.3333"
192.168.1.149:57102,130.206.193.109:443,C:\Users\macie\Downloads\pcap_video.tar\pcap_video\pcap\video_180s1080p_01.pcap,"0,6,0 0,10,0 0,13,0 0,14,0.0188285 6,0,2.52906 6,10,2 6,13,2.6 6,14,2.59623 10,0,7.2542 10,6,7.3 10,13,7.2 10,14,7.32018 13,0,4.63049 13,6,4.66667 13,10,5.8 13,14,4.6506 14,0,0 14,6,0 14,10,0 14,13,0"
192.168.1.149:57102,130.206.193.109:443,C:\Users\macie\Downloads\pcap_video.tar\pcap_video\pcap\video_180s1080p_01.pcap,"0,6,0.333333 0,9,0 0,10,0 0,13,0 0,14,0.0164835 6,0,3.36729 6,9,4.5 6,10,3 6,13,1.5 6,14,3.05521 9,0,16.5863 9,6,23 9,10,18.5714 9,13,22.25 9,14,21.1542 10,0,3.36441 10,6,5.625 10,9,1.5 10,13,5.25 10,14,4.0913 13,0,5.30594 13,6,7 13,10,5 13,14,5.58601 14,0,0 14,6,0.333333 14,9,0 14,10,0 14,13,0"
192.168.1.149:57136,130.206.193.109:443,C:\Users\macie\Downloads\pcap_video.tar\pcap_video\pcap\video_180s1080p_01.pcap,"0,4,0 0,6,0 0,10,0.571429 0,13,16.8571 0,14,0.136961 4,0,17.5986 4,6,17.8 4,10,15 4,13,20.3333 4,14,15.9837 6,0,22.0684 6,4,184 6,10,32.4286 6,13,27.4286 6,14,28.7969 10,0,20.0049 10,4,199 10,6,7.6 10,13,27.8571 10,14,23.8233 13,0,10.8172 13,4,34 13,6,9.22222 13,10,12.6667 13,14,12.2144 14,0,0.327273 14,4,0 14,6,0 14,10,0.571429 14,13,16.8571"
192.168.1.149:57136,130.206.193.109:443,C:\Users\macie\Downloads\pcap_video.tar\pcap_video\pcap\video_180s1080p_01.pcap,"0,6,0 0,9,0 0,10,0 0,13,0 0,14,0.0167015 6,0,2.77453 6,9,6 6,10,3.5 6,13,1.5 6,14,2.81917 9,0,3.03846 9,6,4 9,10,2 9,14,3.14 10,0,4.58079 10,6,4.88889 10,9,2 10,13,4.75 10,14,4.68565 13,0,6.23798 13,6,6.5 13,9,10 13,10,7.4 13,14,6.28571 14,0,0 14,6,0 14,9,0 14,10,0 14,13,0"
192.168.1.149:57136,130.206.193.109:443,C:\Users\macie\Downloads\pcap_video.tar\pcap_video\pcap\video_180s1080p_01.pcap,"0,4,0 0,6,0 0,9,0 0,10,0 0,13,1 0,14,0.924242 4,0,6.232 4,6,7.2 4,10,6 4,13,7.66667 4,14,6.49194 6,0,40.0184 6,4,290 6,10,59.4 6,13,2.42857 6,14,42.7404 9,0,141.253 9,4,327 9,6,165.364 9,10,151.571 9,13,161.143 9,14,170.397 10,0,21.8883 10,4,296 10,6,3.72727 10,9,5 10,13,5.28571 10,14,26.0942 13,0,57.8776 13,4,282 13,6,31.6 13,10,59.8 13,14,57.8366 14,0,0.066313 14,4,0 14,6,0 14,9,0 14,10,0 14,13,1.14286"
192.168.1.149:57136,130.206.193.109:443,C:\Users\macie\Downloads\pcap_video.tar\pcap_video\pcap\video_180s1080p_01.pcap,"0,6,0.0833333 0,9,0 0,10,0 0,11,0 0,13,0 0,14,0.0972447 6,0,2.95906 6,9,5 6,10,3.875 6,11,1 6,13,2.25 6,14,3.19257 9,0,9.86275 9,6,11 9,10,7 9,14,8.39416 10,0,4.64026 10,6,5.8 10,9,3 10,13,4.5 10,14,4.61185 11,0,51.2827 11,6,46.5455 11,9,68 11,10,54.375 11,13,41 11,14,48.4018 13,0,10.9893 13,6,8.77778 13,9,11 13,10,11.4286 13,14,9.26722 14,0,0 14,6,0 14,9,0 14,10,0 14,11,0 14,13,0"
192.168.1.149:57102,130.206.193.109:443,C:\Users\macie\Downloads\pcap_video.tar\pcap_video\pcap\video_180s1080p_01.pcap,"0,4,0 0,6,0 0,10,0.2 0,11,0 0,13,72.125 0,14,1.14159 4,0,21.3895 4,6,22.5 4,10,15.3333 4,13,22.3333 4,14,18.4444 6,0,71.2512 6,4,629 6,10,128 6,11,29 6,13,77 6,14,81.1163 10,0,60.2364 10,4,642 10,6,6.72727 10,11,42 10,13,94 10,14,64.4909 11,0,615.984 11,4,600 11,6,622.667 11,10,615.333 11,13,611 11,14,616.972 13,0,7.90306 13,4,22 13,6,7.16667 13,10,9.6 13,11,31 13,14,8.48519 14,0,0 14,4,0 14,6,0 14,10,0.2 14,11,0 14,13,72.125"
192.168.1.149:57102,130.206.193.109:443,C:\Users\macie\Downloads\pcap_video.tar\pcap_video\pcap\video_180s1080p_01.pcap,"0,6,0 0,9,0 0,10,0 0,11,0 0,13,0 0,14,0.0208768 6,0,2.70897 6,9,5 6,10,2.6 6,11,3 6,13,2.5 6,14,2.78947 9,0,1 9,14,1.05263 10,0,5.25287 10,6,6.125 10,9,2 10,11,13 10,13,4.5 10,14,5.28606 11,0,13.8875 11,6,12.25 11,9,26 11,10,11.6667 11,13,10 11,14,13.9869 13,0,5.46939 13,6,4.85714 13,9,11 13,10,6.25 13,11,6 13,14,5.512 14,0,0 14,6,0 14,9,0 14,10,0 14,11,0 14,13,0"
192.168.1.149:57102,130.206.193.109:443,C:\Users\macie\Downloads\pcap_video.tar\pcap_video\pcap\video_180s1080p_01.pcap,"0,6,0 0,10,0 0,13,0 0,14,0.0116732 6,0,2.82725 6,10,3.4 6,13,1.4 6,14,2.81116 10,0,6.28322 10,6,7 10,13,4.6 10,14,6.34375 13,0,7.44757 13,6,8.5 13,10,9.2 13,14,7.50783 14,0,0 14,6,0 14,10,0 14,13,0"
192.168.1.149:57136,130.206.193.109:443,C:\Users\macie\Downloads\pcap_video.tar\pcap_video\pcap\video_180s1080p_01.pcap,"0,6,1.08333 0,10,0 0,11,138 0,13,0.166667 0,14,0.0669145 6,0,7.74365 6,10,4 6,11,138 6,13,3.5 6,14,7.5541 10,0,12.2552 10,6,8.4 10,11,180 10,13,6 10,14,11.57 11,0,19.5 11,14,19.7143 13,0,12.9832 13,6,10.7778 13,10,7.6 13,11,191 13,14,12.3836 14,0,0.424312 14,6,1.08333 14,10,0 14,11,151 14,13,0"
192.168.1.149:57102,130.206.193.109:443,C:\Users\macie\Downloads\pcap_video.tar\pcap_video\pcap\video_180s1080p_01.pcap,"0,4,1 0,6,0.0769231 0,10,0.142857 0,11,0 0,13,2.14286 0,14,0.730284 4,0,21.0996 4,6,21.5 4,10,20 4,11,31 4,13,24 4,14,21.0167 6,0,27.9143 6,4,240 6,10,36.1429 6,11,17 6,13,3.83333 6,14,30.8859 10,0,23.2145 10,4,248 10,6,4.83333 10,11,21 10,13,7 10,14,24.0714 11,0,11.0515 11,6,11 11,10,11 11,13,16.5 11,14,10.8859 13,0,38.2866 13,4,223 13,6,24.9231 13,10,39 13,11,19 13,14,38.7971 14,0,0.128358 14,4,1 14,6,0 14,10,0 14,11,0 14,13,2.42857"
192.168.1.149:57102,130.206.193.109:443,C:\Users\macie\Downloads\pcap_video.tar\pcap_video\pcap\video_180s1080p_01.pcap,"0,6,0 0,9,0 0,10,0 0,13,0 0,14,0.0183333 6,0,3.34072 6,9,7 6,10,4.375 6,13,2.6 6,14,3.58549 9,0,25.4609 9,6,25.2857 9,10,18 9,13,22 9,14,21.8895 10,0,4.80802 10,6,5.45455 10,9,3 10,13,4.8 10,14,4.80969 13,0,6.94785 13,6,6.3 13,9,13 13,10,9 13,14,7.20663 14,0,0 14,6,0 14,9,0 14,10,0 14,13,0"
192.168.1.149:57136,130.206.193.109:443,C:\Users\macie\Downloads\pcap_video.tar\pcap_video\pcap\video_180s1080p_01.pcap,"0,4,1 0,6,0 0,7,0 0,10,0 0,13,59.8333 0,14,0.037234 4,0,39.4665 4,6,18.2727 4,7,38 4,10,20.7143 4,13,80.8333 4,14,33.8671 6,0,48.7249 6,4,390 6,7,4 6,10,68 6,13,63 6,14,55.9471 7,0,356.656 7,4,385 7,6,402 7,10,299.75 7,13,386.667 7,14,377.506 10,0,37.0818 10,4,385 10,6,7 10,7,1 10,13,66.3333 10,14,38.3327 13,0,7.70924 13,4,22 13,6,7.6 13,7,8 13,10,9.33333 13,14,8.51731 14,0,0.92629 14,4,0 14,6,0 14,7,0 14,10,0 14,13,59.8333"
192.168.1.149:57136,130.206.193.109:443,C:\Users\macie\Downloads\pcap_video.tar\pcap_video\pcap\video_180s1080p_01.pcap,"0,6,0 0,9,0 0,10,0 0,11,0 0,13,0 0,14,0.0180361 6,0,3.71082 6,9,5 6,10,3 6,11,2 6,13,5.25 6,14,3.68182 9,0,0.857143 9,10,1 9,14,0.95 10,0,6.84951 10,6,10.5 10,9,2 10,13,6.25 10,14,6.8557 11,0,28.8163 11,6,30.4444 11,9,53 11,10,32.8 11,13,26.25 11,14,27.7 13,0,5.98498 13,6,3.9 13,9,11 13,10,8.6 13,11,5 13,14,5.93018 14,0,0 14,6,0 14,9,0 14,10,0 14,11,0 14,13,0"
192.168.1.149:57102,130.206.193.109:443,C:\Users\macie\Downloads\pcap_video.tar\pcap_video\pcap\video_180s1080p_01.pcap,"0,1,0 0,4,0 0,6,0 0,10,0 0,13,9.83333 0,14,0.144737 1,0,153.946 1,4,158 1,6,173.5 1,10,167.5 1,13,138 1,14,162.353 4,0,12.7115 4,6,14.75 4,10,8.5 4,13,14.5 4,14,12.8358 6,0,16.4282 6,1,0 6,4,158 6,10,28.5 6,13,14.6 6,14,23.9275 10,0,14.5519 10,1,3 10,4,162 10,6,5.2 10,13,18.6 10,14,19.4549 13,0,15.1247 13,1,15 13,4,91 13,6,14.0909 13,10,20.3333 13,14,20.2406 14,0,0.190045 14,1,0 14,4,0 14,6,0 14,10,0 14,13,9.83333"
192.168.1.149:57102,130.206.193.109:443,C:\Users\macie\Downloads\pcap_video.tar\pcap_video\pcap\video_180s1080p_01.pcap,"0,6,0.272727 0,7,0 0,9,0 0,10,0 0,13,0 0,14,0.0213523 6,0,2.60902 6,7,4 6,9,4 6,10,1.66667 6,13,2.5 6,14,2.56929 7,0,8.11976 7,6,7 7,9,16 7,10,8.5 7,14,8.15094 9,0,0.357143 9,14,0.384615 10,0,5.16262 10,6,6.36364 10,7,6 10,9,2 10,13,6.25 10,14,5.40966 13,0,11.6787 13,6,7.9 13,7,12 13,9,28 13,10,10.3333 13,14,9.69709 14,0,0 14,6,0 14,7,0 14,9,0 14,10,0 14,13,0"
192.168.1.149:57102,130.206.193.109:443,C:\Users\macie\Downloads\pcap_video.tar\pcap_video\pcap\video_180s1080p_01.pcap,"0,5,0 0,6,0 0,9,0 0,10,0 0,14,0.0209644 5,0,19.8077 5,6,20.5 5,9,18.5 5,10,19.75 5,14,19.8629 6,0,7.46336 6,5,16 6,9,7.8 6,10,8.72727 6,14,7.49095 9,0,4.95169 9,5,9 9,6,4.5 9,10,5 9,14,4.99492 10,0,2.22603 10,5,1 10,6,2.25 10,9,2.4 10,14,2.28058 14,0,0 14,5,0 14,6,0 14,9,0 14,10,0"
192.168.1.149:57102,130.206.193.109:443,C:\Users\macie\Downloads\pcap_video.tar\pcap_video\pcap\video_180s1080p_01.pcap,"0,1,0 0,3,0 0,4,1 0,6,0 0,10,0 0,13,2.42857 0,14,0.577049 1,0,217.184 1,3,0 1,4,202 1,6,222.111 1,10,219.8 1,13,191.167 1,14,219.097 3,0,218.946 3,4,202 3,6,222.111 3,10,219.8 3,13,191.167 3,14,220.505 4,0,18.7729 4,6,19.2222 4,10,17 4,13,21.8 4,14,18.7785 6,0,23.4222 6,1,0 6,3,0 6,4,203 6,10,35.6667 6,13,5.14286 6,14,27.0988 10,0,15.3926 10,1,3 10,3,3 10,4,206 10,6,4.83333 10,13,8.42857 10,14,19.9867 13,0,32.1862 13,1,11 13,3,11 13,4,178 13,6,21.0909 13,10,34 13,14,33.6119 14,0,0.136111 14,1,0 14,3,0 14,4,1 14,6,0 14,10,0 14,13,3.42857"
192.168.1.149:57102,130.206.193.109:443,C:\Users\macie\Downloads\pcap_video.tar\pcap_video\pcap\video_180s1080p_01.pcap,"0,5,0 0,6,0 0,7,0 0,9,0 0,10,0 0,13,0 0,14,0.0141129 5,0,20.2266 5,6,20.3333 5,9,32.5 5,10,22.6 5,14,20.2425 6,0,5.41649 6,5,6 6,7,2 6,9,12.5 6,10,3.75 6,13,2 6,14,5.29792 7,0,22.9181 7,5,8 7,6,21.5 7,9,40.5 7,10,25.8333 7,14,23.0619 9,0,2.37931 9,6,3 9,10,3.5 9,14,2.44578 10,0,5.0368 10,5,5 10,6,6 10,7,5 10,9,4 10,13,5 10,14,4.99563 13,0,28.4037 13,5,19 13,6,23.5 13,7,10 13,9,51.5 13,10,32.2857 13,14,28.5588 14,0,0 14,5,0 14,6,0 14,7,0 14,9,0 14,10,0 14,13,0"
192.168.1.149:57136,130.206.193.109:443,C:\Users\macie\Downloads\pcap_video.tar\pcap_video\pcap\video_180s1080p_01.pcap,"0,1,0 0,4,0 0,6,0 0,10,0 0,13,94 0,14,1.10148 1,0,589.781 1,4,585 1,6,599.75 1,10,593.5 1,13,587.333 1,14,595.55 4,0,11.7677 4,6,14.5 4,10,8.5 4,13,14 4,14,11.7581 6,0,70.8942 6,1,4 6,4,590 6,10,100.333 6,13,97 6,14,86.8896 10,0,46.5855 10,1,2 10,4,587 10,6,5.7 10,13,97.6667 10,14,53.3743 13,0,8.45105 13,1,10 13,4,20 13,6,8 13,10,10.2 13,14,9.22943 14,0,0 14,1,0 14,4,0 14,6,0 14,10,0 14,13,94"
192.168.1.149:57136,130.206.193.109:443,C:\Users\macie\Downloads\pcap_video.tar\pcap_video\pcap\video_180s1080p_01.pcap,"0,6,0.0909091 0,9,0 0,10,0 0,13,0 0,14,0.0108893 6,0,2.73945 6,9,6 6,10,2 6,13,2 6,14,2.65882 9,0,0.0526316 9,14,0.0555556 10,0,10.25 10,6,11.2727 10,9,3 10,13,7.75 10,14,9.09346 13,0,10.4224 13,6,7.5 13,9,27 13,10,14 13,14,8.97352 14,0,0.00235294 14,6,0.0909091 14,9,0 14,10,0 14,13,0"
192.168.1.149:57136,130.206.193.109:443,C:\Users\macie\Downloads\pcap_video.tar\pcap_video\pcap\video_180s1080p_01.pcap,"0,4,0 0,6,0 0,7,0 0,9,0 0,10,0.153846 0,13,0 0,14,0.0453782 4,0,30.4234 4,6,33.2 4,9,26.4 4,10,32.1 4,13,62 4,14,31.7791 6,0,5.80734 6,4,6 6,9,5.8 6,10,6.27273 6,13,4 6,14,6.01093 7,0,32.1873 7,4,9 7,6,35.6667 7,9,36 7,10,38.3636 7,13,72 7,14,36.5088 9,0,5.68548 9,6,6 9,10,5.1 9,13,13 9,14,5.66242 10,0,2.93029 10,4,2 10,6,3.33333 10,7,2 10,9,2.6 10,13,6 10,14,2.93074 13,0,0.3 13,14,0.315789 14,0,0 14,4,0 14,6,0 14,7,0 14,9,0 14,10,0 14,13,0"
192.168.1.149:57102,130.206.193.109:443,C:\Users\macie\Downloads\pcap_video.tar\pcap_video\pcap\video_180s1080p_01.pcap,"0,1,0 0,3,0 0,4,1 0,6,0.142857 0,9,0 0,10,0 0,13,59.5 0,14,0.198516 1,0,175.83 1,3,0 1,4,191 1,6,198 1,10,194 1,13,119 1,14,186.721 3,0,179.652 3,4,191 3,6,198 3,10,194 3,13,119 3,14,193.47 4,0,3.87097 4,6,7 4,10,3 4,14,4.06667 6,0,23.8841 6,1,0 6,3,0 6,4,191 6,9,6.33333 6,10,27 6,13,60.5 6,14,32.908 9,0,28.5095 9,1,21 9,3,21 9,4,212 9,6,40 9,10,28.8 9,13,75.5 9,14,40.579 10,0,14.6272 10,1,4 10,3,4 10,4,195 10,6,4.28571 10,9,2 10,13,64 10,14,20.3479 13,0,39.0941 13,1,10 13,3,10 13,4,71 13,6,30 13,10,40.5 13,14,40.943 14,0,0.327189 14,1,0 14,3,0 14,4,0 14,6,0.142857 14,9,0 14,10,0 14,13,59.5"
192.168.1.149:57102,130.206.193.109:443,C:\Users\macie\Downloads\pcap_video.tar\pcap_video\pcap\video_180s1080p_01.pcap,"0,6,0 0,10,0 0,13,0 0,14,0.037037 6,0,2.0221 6,10,2.14286 6,13,1.8 6,14,2.20959 10,0,5.04558 10,6,5.15385 10,13,4.6 10,14,5.061 13,0,6.57067 13,6,6.57143 13,10,7.14286 13,14,6.08844 14,0,0 14,6,0 14,10,0 14,13,0"
192.168.1.149:57102,130.206.193.109:443,C:\Users\macie\Downloads\pcap_video.tar\pcap_video\pcap\video_180s1080p_01.pcap,"0,4,0 0,6,0 0,9,0 0,10,0.1 0,14,0.0167015 4,0,28.3539 4,6,19.25 4,9,30.5 4,10,30.7 4,14,28.4133 6,0,6.97523 6,9,8 6,10,7.4 6,14,7.00939 9,0,7.42079 9,6,9.33333 9,10,7.22222 9,14,7.47938 10,0,2.33019 10,6,2.66667 10,9,2.25 10,14,2.41032 14,0,0.00199601 14,4,0 14,6,0 14,9,0 14,10,0.1"
192.168.1.149:57102,130.206.193.109:443,C:\Users\macie\Downloads\pcap_video.tar\pcap_video\pcap\video_180s1080p_01.pcap,"0,2,0 0,3,0 0,4,0 0,6,0 0,9,0 0,10,0 0,13,412.2 0,14,0.014733 2,0,2033.44 2,3,0 2,4,2083 2,6,2101.2 2,10,2097.67 2,13,2093.5 2,14,2077.1 3,0,2084.24 3,4,2083 3,6,2100.6 3,10,2097.67 3,13,2093.25 3,14,2098.45 4,0,16.5362 4,6,17.2 4,10,14.3333 4,13,20 4,14,16.6326 6,0,223.875 6,2,0 6,3,0 6,4,2083 6,9,2.5 6,10,301.429 6,13,414 6,14,273.252 9,0,836.012 9,2,29 9,3,29 9,4,2113 9,6,1191.22 9,10,916.143 9,13,1700.6 9,14,1176.12 10,0,170.079 10,2,4 10,3,5 10,4,2088 10,6,5.88889 10,9,2 10,13,417.8 10,14,184.994 13,0,9.5256 13,2,16 13,3,17 13,4,21 13,6,10.1429 13,10,11.25 13,14,9.67312 14,0,4.84382 14,2,0 14,3,0 14,4,0 14,6,0 14,9,0 14,10,0 14,13,412.2"
192.168.1.149:57102,130.206.193.109:443,C:\Users\macie\Downloads\pcap_video.tar\pcap_video\pcap\video_180s1080p_01.pcap,"0,4,0 0,6,0 0,9,0 0,10,0 0,13,0 0,14,0.0230769 4,0,6.35514 4,6,3 4,9,7 4,10,6.66667 4,14,6.47059 6,0,3.18847 6,4,7 6,9,4 6,10,2.57143 6,13,2 6,14,3.06445 9,0,2.61905 9,10,3 9,14,2.70732 10,0,6.32118 10,4,5 10,6,7.4 10,9,1 10,13,8.66667 10,14,6.16939 13,0,13.1899 13,4,21 13,6,9 13,9,29 13,10,18.5 13,14,12.3206 14,0,0 14,4,0 14,6,0 14,9,0 14,10,0 14,13,0"
192.168.1.149:57102,130.206.193.109:443,C:\Users\macie\Downloads\pcap_video.tar\pcap_video\pcap\video_180s1080p_01.pcap,"0,6,0 0,9,0 0,10,0 0,13,0 0,14,0.0282686 6,0,6.05528 6,9,6.2 6,10,6.27273 6,13,2 6,14,5.92793 9,0,5.87571 9,6,7 9,10,5.4 9,13,11 9,14,6.08577 10,0,2.94211 10,6,3.33333 10,9,2.4 10,13,5 10,14,2.94424 13,0,1.94737 13,6,2 13,14,2 14,0,0 14,6,0 14,9,0 14,10,0 14,13,0"
192.168.1.149:57102,130.206.193.109:443,C:\Users\macie\Downloads\pcap_video.tar\pcap_video\pcap\video_180s1080p_01.pcap,"0,2,0 0,4,0 0,6,0.0833333 0,10,0 0,11,0 0,13,522.167 0,14,0.0358423 2,0,3176.96 2,4,3155 2,6,3191.45 2,10,3188.5 2,11,0 2,13,3182.83 2,14,3182.32 4,0,39.6226 4,6,35.8182 4,10,32.5 4,13,36.8 4,14,34.2946 6,0,363.354 6,2,0 6,4,3155 6,10,528.333 6,11,0 6,13,523.833 6,14,424.625 10,0,253.025 10,2,2 10,4,3158 10,6,4.83333 10,11,2 10,13,527.167 10,14,263.794 11,0,3185.03 11,4,3155 11,6,3191.45 11,10,3188.33 11,13,3182.83 11,14,3188.38 13,0,9.04859 13,4,21 13,6,9.09091 13,10,9.83333 13,14,9.38697 14,0,7.65049 14,2,0 14,4,0 14,6,0 14,10,0 14,11,0 14,13,522.333"
192.168.1.149:57102,130.206.193.109:443,C:\Users\macie\Downloads\pcap_video.tar\pcap_video\pcap\video_180s1080p_01.pcap,"0,6,0 0,9,0 0,10,0.1 0,13,0 0,14,0.0259067 6,0,4.40722 6,9,5.33333 6,10,4.9 6,13,1.5 6,14,4.60777 9,0,6.45685 9,6,5 9,10,5.85714 9,14,5.83766 10,0,3.06977 10,6,4.14286 10,9,2.33333 10,13,6 10,14,3.36862 13,0,19.6507 13,6,17 13,9,19.6667 13,10,22.1 13,14,19.229 14,0,0.00251889 14,6,0 14,9,0 14,10,0.1 14,13,0"
192.168.1.149:57136,130.206.193.109:443,C:\Users\macie\Downloads\pcap_video.tar\pcap_video\pcap\video_180s1080p_01.pcap,"0,1,0 0,2,0 0,3,0 0,4,0 0,6,0 0,9,0 0,10,3 0,11,5735 0,13,1105 0,14,16.69 1,0,3675.63 1,2,19.5 1,3,0 1,4,5126.5 1,6,3929.67 1,9,20 1,10,3138 1,11,5759 1,13,4801.75 1,14,3679.22 2,0,2910.77 2,4,4443 2,6,2974.33 2,9,9 2,10,2677.4 2,13,4443.67 2,14,2865.19 3,0,7598.52 3,1,5804 3,2,5823.5 3,4,8028 3,6,7798.78 3,9,5825 3,10,6765.38 3,11,5759 3,13,9154.25 3,14,7654.68 4,0,314.559 4,1,21 4,2,41 4,6,19.6667 4,9,42 4,10,20.2857 4,13,1125.75 4,14,211.912 6,0,1285.04 6,1,0.5 6,2,7 6,3,0 6,4,5113 6,9,5 6,10,1284.5 6,11,5759 6,13,1106.25 6,14,1180.72 9,0,3546.99 9,2,7 9,4,4450 9,6,3572.4 9,10,3349 9,13,4451.33 9,14,3545.46 10,0,1028.61 10,1,6 10,2,10.5 10,4,5102.5 10,6,6.77778 10,9,2 10,11,5735 10,13,1109.5 10,14,826.776 11,0,1913.2 11,1,44 11,2,64 11,4,2269 11,6,2039.56 11,9,65 11,10,1968.86 11,13,3395.25 11,14,1908.96 13,0,17.2767 13,1,12 13,2,32.5 13,4,22 13,6,15.5 13,9,33 13,10,18.3333 13,14,17.1493 14,0,0.0677966 14,1,0 14,2,0 14,3,0 14,4,0 14,6,0 14,9,0 14,10,3 14,11,5735 14,13,1105"
192.168.1.149:57136,130.206.193.109:443,C:\Users\macie\Downloads\pcap_video.tar\pcap_video\pcap\video_180s1080p_01.pcap,"0,6,0 0,10,0 0,13,0 0,14,0.00559701 6,0,3.01856 6,10,2.8 6,13,4 6,14,2.91473 10,0,5.44192 10,6,5.2 10,13,7.25 10,14,5.77778 13,0,12.1781 13,6,11.2727 13,10,9.6 13,14,10.6237 14,0,0 14,6,0 14,10,0 14,13,0"
192.168.1.149:57136,130.206.193.109:443,C:\Users\macie\Downloads\pcap_video.tar\pcap_video\pcap\video_180s1080p_01.pcap,"0,6,0 0,9,0 0,10,0.0909091 0,14,0.0145719 6,0,4.87887 6,9,4.5 6,10,5.22222 6,14,4.82353 9,0,5.16707 9,6,5.33333 9,10,5.1 9,14,5.26195 10,0,2.91981 10,6,2.5 10,9,3.28571 10,14,2.80917 14,0,0 14,6,0 14,9,0 14,10,0"
192.168.1.149:57136,130.206.193.109:443,C:\Users\macie\Downloads\pcap_video.tar\pcap_video\pcap\video_180s1080p_01.pcap,"0,3,0 0,4,0 0,6,0 0,8,0 0,10,0 0,13,590 0,14,6.11263 3,0,3398.71 3,4,3573 3,6,3606.6 3,10,3001.5 3,13,3597.17 3,14,3496.37 4,0,32.3435 4,6,32.7 4,10,26.4 4,13,32.8 4,14,30.5598 6,0,518.148 6,3,0 6,4,3574 6,8,0 6,10,599 6,13,594 6,14,492.229 8,0,3354.03 8,3,0 8,4,3574 8,6,3607.1 8,10,3002 8,13,3597.17 8,14,3476.07 10,0,309.79 10,3,3 10,4,3565 10,6,5.45455 10,8,3 10,13,595 10,14,288.722 13,0,8.76868 13,4,24 13,6,7.6 13,10,9.6 13,14,8.84114 14,0,0 14,3,0 14,4,0 14,6,0 14,8,0 14,10,0 14,13,590"
192.168.1.149:57136,130.206.193.109:443,C:\Users\macie\Downloads\pcap_video.tar\pcap_video\pcap\video_180s1080p_01.pcap,"0,4,0 0,6,0.111111 0,9,0 0,10,0 0,11,0 0,13,483.5 0,14,3.92048 4,0,5.05769 4,6,7.5 4,10,1 4,13,8 4,14,5.21429 6,0,244.704 6,4,1960 6,9,1 6,10,395.6 6,11,8 6,13,649.667 6,14,353.656 9,0,781.495 9,4,1986 9,6,673.333 9,10,666.667 9,11,11 9,13,1978.5 9,14,1079.19 10,0,135.414 10,4,1977 10,6,5.33333 10,9,2 10,11,1 10,13,491.75 10,14,182.877 11,0,1421.02 11,4,1975 11,6,796 11,10,1977 11,13,1967 11,14,1652.92 13,0,12.2266 13,4,23 13,6,15.1111 13,9,8 13,10,13.5 13,11,20 13,14,13.0043 14,0,0.00211416 14,4,0 14,6,0.111111 14,9,0 14,10,0 14,11,0 14,13,483.5"
192.168.1.149:57136,130.206.193.109:443,C:\Users\macie\Downloads\pcap_video.tar\pcap_video\pcap\video_180s1080p_01.pcap,"0,6,0 0,10,0 0,13,0 0,14,0.0306859 6,0,2.9325 6,10,2.83333 6,13,2.16667 6,14,2.83495 10,0,4.75545 10,6,4.81818 10,13,4.83333 10,14,4.97963 13,0,4.84872 13,6,5.3 13,10,5.33333 13,14,4.87097 14,0,0 14,6,0 14,10,0 14,13,0"
192.168.1.149:57136,130.206.193.109:443,C:\Users\macie\Downloads\pcap_video.tar\pcap_video\pcap\video_180s1080p_01.pcap,"0,6,0 0,9,0 0,10,0 0,13,0 0,14,0.0439331 6,0,4.10656 6,9,4 6,10,4.85714 6,13,2.25 6,14,4.15385 9,0,19.919 9,6,22.6667 9,10,14.4286 9,13,27.75 9,14,20.0254 10,0,4.3177 10,6,5 10,9,2 10,13,5.5 10,14,4.36889 13,0,5.39932 13,6,5 13,10,5 13,14,5.48043 14,0,0 14,6,0 14,9,0 14,10,0 14,13,0"
192.168.1.149:57136,130.206.193.109:443,C:\Users\macie\Downloads\pcap_video.tar\pcap_video\pcap\video_180s1080p_01.pcap,"0,1,0 0,3,0 0,4,0 0,6,0 0,9,0 0,10,0 0,13,659.6 0,14,5.35691 1,0,2058.74 1,3,0 1,4,3321 1,6,2344.5 1,9,13.5 1,10,1493.89 1,13,3336 1,14,2043.2 3,0,3322.18 3,4,3320 3,6,3342.57 3,10,3339.5 3,13,3336 3,14,3339.73 4,0,20.5084 4,6,21.8571 4,10,19.25 4,13,24.5 4,14,20.4882 6,0,476.126 6,1,2 6,3,2 6,4,3323 6,9,5 6,10,372.778 6,13,661.8 6,14,411.247 9,0,2319.76 9,1,8 9,3,9 9,4,3330 9,6,2608.44 9,10,1677.5 9,13,3345 9,14,2312.95 10,0,348.762 10,1,0 10,3,0 10,4,3321 10,6,4.11111 10,9,2 10,13,663.6 10,14,276.245 13,0,10.2222 13,4,22 13,6,8.71429 13,10,10.25 13,14,9.93113 14,0,0 14,1,0 14,3,0 14,4,0 14,6,0 14,9,0 14,10,0 14,13,659.6"
192.168.1.149:57136,130.206.193.109:443,C:\Users\macie\Downloads\pcap_video.tar\pcap_video\pcap\video_180s1080p_01.pcap,"0,6,0 0,9,0 0,10,0 0,13,0 0,14,0.0181818 6,0,3.30414 6,9,5 6,10,4.5 6,13,2.75 6,14,3.72401 9,0,6.45045 9,6,9.66667 9,10,4.5 9,13,12 9,14,6.53554 10,0,4.5475 10,6,5.44444 10,9,2.5 10,13,6.5 10,14,4.39216 13,0,9.02536 13,6,9.5 13,9,13.5 13,10,13.6667 13,14,10.7033 14,0,0 14,6,0 14,9,0 14,10,0 14,13,0"
192.168.1.149:57136,130.206.193.109:443,C:\Users\macie\Downloads\pcap_video.tar\pcap_video\pcap\video_180s1080p_01.pcap,"0,1,0 0,6,0 0,9,0 0,10,0 0,13,0 0,14,0.0122951 1,0,14.7755 1,6,15.6667 1,9,16 1,10,15.75 1,14,15.2428 6,0,4.00866 6,1,4 6,9,6 6,10,4.5 6,13,2.33333 6,14,4.11333 9,0,4.74252 9,6,5.5 9,10,4.33333 9,14,4.8631 10,0,4.61491 10,1,7 10,6,5.125 10,9,3 10,13,5.66667 10,14,4.60549 13,0,11.1599 13,1,2 13,6,10.1429 13,9,18 13,10,13.3333 13,14,11.5681 14,0,0 14,1,0 14,6,0 14,9,0 14,10,0 14,13,0"
192.168.1.149:57136,130.206.193.109:443,C:\Users\macie\Downloads\pcap_video.tar\pcap_video\pcap\video_180s1080p_01.pcap,"0,1,0 0,3,0 0,4,0 0,6,0 0,10,0 0,13,492.143 0,14,5.78017 1,0,3422.01 1,3,0 1,4,3492 1,6,3529.08 1,10,3528.86 1,13,3519.86 1,14,3474.19 3,0,3460.11 3,4,3492 3,6,3528.92 3,10,3528.86 3,13,3519.71 3,14,3491.47 4,0,38.6727 4,6,36.9167 4,10,36.8571 4,13,36.3333 4,14,35.7766 6,0,2.30195 6,10,2.33333 6,13,2 6,14,2.45817 10,0,302.313 10,1,0 10,3,0 10,4,3492 10,6,5.33333 10,13,499.714 10,14,264.636 13,0,7.98295 13,4,23 13,6,7.41667 13,10,8.28571 13,14,8.1745 14,0,0 14,3,0 14,4,0 14,6,0 14,10,0 14,13,492.143"
192.168.1.149:57136,130.206.193.109:443,C:\Users\macie\Downloads\pcap_video.tar\pcap_video\pcap\video_180s1080p_01.pcap,"0,4,0 0,6,0 0,8,0 0,9,0 0,10,0.285714 0,13,639 0,14,6.15458 4,0,9.31579 4,6,9.33333 4,10,7 4,13,12.5 4,14,9.54749 6,0,327.639 6,4,3221 6,8,4 6,9,4.5 6,10,465.143 6,13,641.4 6,14,444.17 8,0,3196.53 8,4,3217 8,6,3227.33 8,10,3224.5 8,13,3217.67 8,14,3225.59 9,0,1051.25 9,4,3239 9,6,1630 9,8,22 9,10,1088 9,13,2433.25 9,14,1533.93 10,0,269.501 10,4,3225 10,6,4 10,8,7 10,9,2 10,13,803.75 10,14,324.117 13,0,12.1095 13,4,22 13,6,11.4286 13,8,10 13,9,10.5 13,10,13.4286 13,14,12.202 14,0,0.00665188 14,4,0 14,6,0 14,8,0 14,9,0 14,10,0.285714 14,13,639.2"
192.168.1.149:57136,130.206.193.109:443,C:\Users\macie\Downloads\pcap_video.tar\pcap_video\pcap\video_180s1080p_01.pcap,"0,6,0 0,10,0 0,13,0 0,14,0.0273224 6,0,2.42453 6,10,2.42857 6,13,2 6,14,2.59158 10,0,4.78884 10,6,5 10,13,5 10,14,4.87214 13,0,4.88083 13,6,5.4 13,10,4.83333 13,14,4.83368 14,0,0 14,6,0 14,10,0 14,13,0"
192.168.1.149:57136,130.206.193.109:443,C:\Users\macie\Downloads\pcap_video.tar\pcap_video\pcap\video_180s1080p_01.pcap,"0,1,0 0,4,0 0,6,0 0,9,0 0,10,0.142857 0,13,0 0,14,0.0418848 1,0,23.4231 1,6,28 1,9,5 1,10,19.8 1,13,35.3333 1,14,23.7035 4,0,28.7917 4,1,6 4,6,34.8333 4,9,12 4,10,26.4 4,13,42.3333 4,14,28.9205 6,0,4.1 6,1,14 6,4,7 6,9,4 6,10,4.57143 6,13,1.6 6,14,4.51049 9,0,23.3655 9,6,27.8 9,10,18 9,13,29.6667 9,14,23.5927 10,0,6.45152 10,1,9 10,4,2 10,6,7.625 10,9,2 10,13,6.5 10,14,6.29109 13,0,10.9474 13,1,19 13,4,12 13,6,11.6667 13,9,25 13,10,15.8571 13,14,12.6727 14,0,0 14,1,0 14,4,0 14,6,0 14,9,0 14,10,0 14,13,0"
192.168.1.149:57136,130.206.193.109:443,C:\Users\macie\Downloads\pcap_video.tar\pcap_video\pcap\video_180s1080p_01.pcap,"0,1,0 0,4,0 0,6,0 0,10,0 0,13,576.167 0,14,6.09632 1,0,3500.29 1,4,3479 1,6,3507.89 1,10,3508.67 1,13,3499.67 1,14,3505.77 4,0,213.399 4,1,1 4,6,28.4444 4,10,28.6667 4,13,600.167 4,14,187.123 6,0,394.184 6,1,2 6,4,1741.5 6,10,500.429 6,13,578.167 6,14,443.978 10,0,289.026 10,1,5 10,4,1743.5 10,6,4.1 10,13,580.833 10,14,299.819 13,0,7.69972 13,4,22 13,6,7.66667 13,10,8.33333 13,14,8.46058 14,0,0 14,1,0 14,4,0 14,6,0 14,10,0 14,13,576.167"
192.168.1.149:57136,130.206.193.109:443,C:\Users\macie\Downloads\pcap_video.tar\pcap_video\pcap\video_180s1080p_01.pcap,"0,1,0 0,4,0 0,6,0 0,10,0 0,13,0.2 0,14,0.0206379 1,0,3.96923 1,6,5 1,10,5 1,14,4 4,0,4.78571 4,1,1 4,6,7 4,10,7 4,14,4.825 6,0,6.23543 6,1,7 6,4,5 6,10,3.83333 6,13,6.6 6,14,5.58687 10,0,4.57143 10,1,3 10,4,1 10,6,6 10,13,5.25 10,14,4.73708 13,0,6.30392 13,1,10 13,4,8 13,6,5.85714 13,10,6.83333 13,14,5.95181 14,0,0.00224719 14,1,0 14,4,0 14,6,0 14,10,0 14,13,0.2"
192.168.1.149:54124,172.217.168.174:443,C:\Users\macie\Downloads\pcap_video.tar\pcap_video\pcap\video_180s1080p_01.pcap,"0,1,739.816 0,2,285.6 0,3,298.6 0,4,1925.5 0,5,6501 0,6,0 0,7,6928.25 0,8,448 0,11,0 0,12,499.333 0,13,8096 0,14,87.5238 1,0,407.295 1,2,308.2 1,3,296 1,4,1897.88 1,5,229 1,6,317 1,7,5603.5 1,8,595.25 1,11,359.5 1,12,652.667 1,13,0 1,14,260.595 2,0,5909.52 2,1,7814.63 2,3,5279.6 2,4,9007.38 2,5,19737 2,6,389 2,7,19368.5 2,8,2016.25 2,11,431 2,12,1917.67 2,13,8242 2,14,2075.9 3,0,6020.33 3,1,6411.28 3,2,5533.2 3,4,10671.1 3,5,7205 3,7,16389.5 3,8,2549.67 3,12,2349 3,13,8225 3,14,7150.8 4,0,3193.97 4,1,5651.45 4,2,10100.5 4,3,3526.5 4,5,18699 4,7,8893.75 4,8,1144.5 4,12,1944 4,13,9703 4,14,7501.29 5,0,13557.3 5,1,15795.6 5,2,6435 5,3,25393.5 5,4,13204.6 5,7,25483.5 5,8,2515 5,12,3313 5,13,21070 5,14,8872.14 6,0,13374.2 6,1,15080.6 6,2,13736.2 6,3,11028.4 6,4,21308.4 6,5,27253.5 6,7,39970.2 6,8,2266.75 6,11,84 6,12,1819.33 6,13,22791 6,14,2653.97 7,0,8112.11 7,1,9208.94 7,2,8601 7,3,2261 7,4,9538.14 7,5,12699 7,13,12703 7,14,504.857 8,0,12496.2 8,1,12257.5 8,2,11581 8,3,8947.4 8,4,16844.1 8,5,24495 8,7,34937.2 8,12,113.5 8,13,17758 8,14,3312.17 11,0,13145.3 11,1,14996 11,2,13651.8 11,3,10943.8 11,4,21224 11,5,27169.5 11,6,0 11,7,39886 11,8,2182.5 11,12,1735 11,13,22707 11,14,2433.74 12,0,12067.9 12,1,12362.8 12,2,11518.6 12,3,8912.4 12,4,16860.9 12,5,24566.5 12,7,34936 12,8,1991 12,13,17757 12,14,3280.42 13,0,15480.9 13,1,18313.5 13,2,30037 13,3,16871 13,4,10472.2 13,5,29996 13,7,27140.7 14,0,8397.87 14,1,10358.1 14,2,9261.4 14,3,6659 14,4,11990.1 14,5,21759 14,6,0 14,7,31927 14,8,1948.5 14,11,0 14,12,1546.33 14,13,12198"
192.168.1.149:59362,216.58.201.161:443,C:\Users\macie\Downloads\pcap_video.tar\pcap_video\pcap\video_180s1080p_01.pcap,"0,1,44.5 0,2,2 0,3,5.66667 0,5,4 0,10,0 0,12,0 0,14,1.26214 1,0,2743.55 1,2,2 1,3,6.66667 1,10,72 1,12,0 1,14,48.6699 2,0,2818.26 2,1,138.667 2,3,11 2,10,76 2,12,216 2,14,54.8447 3,0,2794.59 3,1,181 3,10,51 3,12,192 3,14,29.9709 5,0,2762.93 5,1,131 5,2,27 5,3,38.6667 5,10,104 5,12,244 5,14,82.6408 10,0,18241.6 10,1,130 10,12,140 10,14,140 12,0,22638.8 14,0,2969.75 14,1,130 14,10,0 14,12,0"
192.168.1.149:38238,216.58.201.150:443,C:\Users\macie\Downloads\pcap_video.tar\pcap_video\pcap\video_180s1080p_01.pcap,"0,1,100.75 0,2,0 0,3,0 0,4,52 0,7,0 0,8,0.5 0,9,0 0,10,0 0,14,0.294964 1,0,2260.09 1,2,0 1,3,1 1,4,0.5 1,7,0 1,8,7.5 1,9,0 1,10,0 1,14,6.84892 2,0,11327 2,1,81.3333 2,3,23 2,9,0 2,14,19 3,0,16446.1 3,1,87 4,0,6975.81 4,1,40 4,2,1 4,3,25 4,7,1 4,9,1 4,10,13 4,14,11.7308 7,0,10661.3 7,1,82 7,2,0 7,3,24 7,9,0 7,14,13.8 8,0,5248.78 8,1,337.636 8,2,182 8,3,206 8,4,171 8,7,181 8,9,182 8,10,175 8,14,331.125 9,0,11326.9 9,1,81.3333 9,3,23 9,14,22.1667 10,0,7254.96 10,1,54.8 10,2,6 10,3,30 10,4,5 10,7,6 10,9,6 10,14,12.0952 14,0,2429.25 14,1,251.091 14,2,0 14,3,0 14,4,81 14,7,0 14,8,0 14,9,0 14,10,0"
192.168.1.149:33654,172.217.168.162:443,C:\Users\macie\Downloads\pcap_video.tar\pcap_video\pcap\video_180s1080p_01.pcap,"0,1,23.6923 0,2,170.6 0,3,73 0,4,73 0,5,12776.7 0,6,12517 0,14,62.0625 1,0,4433.49 1,2,181 1,3,146 1,4,146 1,5,25482.5 1,6,12610 1,14,55.875 2,0,13838.7 2,1,11727.9 2,3,148 2,4,148 2,5,31810.5 2,6,12573 2,14,217.062 3,0,16523.4 3,1,15043.7 3,2,1039.25 3,5,33027 3,6,13789 3,14,995.067 4,0,16523.4 4,1,15043.7 4,2,1039.25 4,3,0 4,5,33027 4,6,13789 4,14,995.067 5,0,1561.78 5,1,417.385 5,2,968.2 5,3,166 5,4,166 5,6,13955 5,14,1090.25 6,0,19612.2 6,1,15448 6,5,19238 14,0,13899.8 14,1,12856.4 14,2,47 14,3,146 14,4,146 14,5,31980.5 14,6,12742"
192.168.1.149:33734,216.58.201.174:443,C:\Users\macie\Downloads\pcap_video.tar\pcap_video\pcap\video_180s1080p_01.pcap,"0,1,2459.33 0,2,0.333333 0,3,12 0,4,0 0,8,3 0,14,1 1,0,3489.73 1,2,17 1,3,6 1,4,38 1,14,15.5046 2,0,7107.7 2,1,4978 2,3,11 2,4,21 2,8,43 2,14,5263.25 3,0,7655.44 3,1,7470 3,2,5 3,4,26 3,14,5364.59 4,0,12406.2 4,1,7443.5 4,14,7464.06 8,0,7528.94 8,1,4994.33 8,2,11.5 8,3,12 8,4,44 8,14,5382.84 14,0,3419.27 14,1,4965.33 14,2,14.5 14,3,15 14,4,0 14,8,3"
192.168.1.149:57102,130.206.193.109:443,C:\Users\macie\Downloads\pcap_video.tar\pcap_video\pcap\video_180s1080p_01.pcap,"0,3,0 0,6,0 0,8,0 0,9,0 0,10,0.285714 0,14,0.276527 3,0,4155.12 3,14,13.1034 6,0,567.625 6,3,1 6,8,0 6,9,4 6,10,3.2 6,14,5.16372 8,0,3189.74 8,3,1 8,14,12.5758 9,0,482.47 9,3,10 9,6,5 9,8,9 9,10,3.16667 9,14,6.01866 10,0,447.396 10,3,5 10,6,2.5 10,8,3 10,9,2.5 10,14,3.62153 14,0,412.674 14,3,0 14,6,0 14,8,0 14,9,0 14,10,0"
192.168.1.149:57136,130.206.193.109:443,C:\Users\macie\Downloads\pcap_video.tar\pcap_video\pcap\video_180s1080p_01.pcap,"0,1,0 0,4,0 0,6,0 0,9,0 0,10,0 0,13,0 0,14,0.0428212 1,0,2362.04 1,4,20 1,13,13 1,14,13.72 4,0,14611.1 4,14,1.4 6,0,337.005 6,1,1 6,4,22 6,10,1.8 6,13,7 6,14,4.04839 9,0,340.074 9,1,42 9,4,63 9,6,21 9,10,18.6 9,13,30.6667 9,14,25.2944 10,0,339.98 10,1,3 10,4,24 10,6,3.44444 10,13,9.66667 10,14,6.16398 13,0,424.152 13,1,16 13,4,6 13,6,7.85714 13,10,8 13,14,8.09396 14,0,311.581 14,1,0 14,4,0 14,6,0 14,9,0 14,10,0 14,13,0"
192.168.1.149:57142,130.206.193.109:443,C:\Users\macie\Downloads\pcap_video.tar\pcap_video\pcap\video_180s1080p_01.pcap,"0,1,1 0,2,0 0,3,0 0,5,0.5 0,6,0.2 0,9,2 0,10,0.285714 0,12,0 0,13,1 0,14,0.226821 1,0,101.388 1,2,0 1,3,89 1,5,95 1,6,107.2 1,9,105 1,10,116.286 1,12,92 1,13,66 1,14,94.0762 2,0,101.135 2,3,89 2,5,95 2,6,106.4 2,9,105 2,10,115.857 2,12,91 2,13,65.5 2,14,93.5447 3,0,30.0395 3,5,6 3,6,24 3,9,16 3,10,26.8571 3,12,2 3,13,41 3,14,23.776 5,0,47.1075 5,1,20 5,2,21 5,3,110 5,6,34.6 5,9,10 5,10,20.8571 5,12,113 5,13,28.5 5,14,51.0911 6,0,4.66316 6,3,8 6,5,14 6,9,7 6,10,4.28571 6,12,10 6,13,2 6,14,5.48724 9,0,16.3304 9,6,13 9,10,13.5 9,13,24 9,14,14.1374 10,0,2.17597 10,6,2 10,9,5 10,13,4 10,14,2.34859 12,0,28.3171 12,5,3 12,6,21.75 12,9,13 12,10,24.1429 12,13,38 12,14,22.0822 13,0,80.7865 13,3,87 13,5,93 13,6,105.2 13,9,103 13,10,95.8571 13,12,89 13,14,80.894 14,0,0.00271739 14,3,0 14,5,1 14,6,0 14,9,0 14,10,0.142857 14,12,0 14,13,0"
192.168.1.149:57142,130.206.193.109:443,C:\Users\macie\Downloads\pcap_video.tar\pcap_video\pcap\video_180s1080p_01.pcap,"0,6,0.1 0,9,0 0,10,0 0,12,0 0,13,0 0,14,0.0188679 6,0,3.86947 6,9,3 6,10,3.8 6,12,7 6,13,1.25 6,14,3.97351 9,0,13.704 9,6,16.625 9,10,11.5 9,12,32 9,13,15.3333 9,14,13.6562 10,0,5.66351 10,6,7.625 10,9,7.5 10,12,4 10,13,8.33333 10,14,5.66005 12,0,0.848485 12,6,2 12,14,0.83871 13,0,8.02355 13,6,8.11111 13,9,6 13,10,6 13,12,9 13,14,8.11659 14,0,0.002 14,6,0.1 14,9,0 14,10,0 14,12,0 14,13,0"
192.168.1.149:57142,130.206.193.109:443,C:\Users\macie\Downloads\pcap_video.tar\pcap_video\pcap\video_180s1080p_01.pcap,"0,1,0 0,2,0 0,4,0 0,6,0 0,8,0 0,9,0 0,10,0.222222 0,11,4706 0,13,0 0,14,0.037037 1,0,4560.18 1,4,4730 1,6,4743.33 1,10,4741 1,11,4707 1,13,4740 1,14,4661.4 2,0,1127.1 2,1,8 2,4,4739 2,6,2041.86 2,8,2 2,9,7 2,10,1064.78 2,11,4715 2,13,2374.5 2,14,1740.7 4,0,10.5122 4,6,12.3333 4,10,10 4,13,9 4,14,10.5935 6,0,562.359 6,1,1 6,2,7.5 6,4,4732 6,8,16 6,9,20 6,10,534.444 6,11,4709 6,13,7.5 6,14,758.107 8,0,1613.35 8,1,28 8,2,19 8,4,4759 8,6,2394.67 8,9,4 8,10,1202.5 8,11,4735 8,13,4769 8,14,2338.3 9,0,1846.62 9,1,23 9,2,15 9,4,4754 9,6,2390 9,10,1369.14 9,11,4731 9,13,4764 9,14,2597.84 10,0,451.685 10,1,3 10,2,0.5 10,4,4734 10,6,2.33333 10,8,3 10,9,2 10,11,4710 10,13,2.5 10,14,541.628 11,0,31.5196 11,4,23 11,6,35.6667 11,10,34 11,13,33 11,14,32.4831 13,0,833.723 13,1,30 13,2,21 13,4,4761 13,6,806 13,8,1 13,9,6 13,10,607.5 13,11,4737 13,14,1130.01 14,0,10.2985 14,1,0 14,2,0 14,4,0 14,6,0 14,8,0 14,9,0 14,10,0.222222 14,11,4706 14,13,0"
192.168.1.149:57142,130.206.193.109:443,C:\Users\macie\Downloads\pcap_video.tar\pcap_video\pcap\video_180s1080p_01.pcap,"0,3,0 0,4,0 0,6,0 0,8,0 0,10,0 0,13,0.285714 0,14,0.276042 3,0,20.3195 3,6,20 3,10,5 3,13,21.3333 3,14,17.7273 4,0,37.116 4,3,28 4,6,35.1667 4,10,18.5 4,13,35.2 4,14,31.706 6,0,11.3596 6,3,0 6,4,99 6,8,2 6,10,26.75 6,13,2.33333 6,14,14.5281 8,0,131.645 8,3,124 8,4,96 8,6,131.5 8,10,114.75 8,13,110.167 8,14,126.611 10,0,12.2571 10,3,2 10,6,11.25 10,13,11.4 10,14,9.87879 13,0,15.7132 13,3,8 13,4,93 13,6,13.4615 13,8,6 13,10,30 13,14,19.5538 14,0,0.0556962 14,3,0 14,4,0 14,6,0 14,8,0 14,10,0 14,13,0.428571"
192.168.1.149:57142,130.206.193.109:443,C:\Users\macie\Downloads\pcap_video.tar\pcap_video\pcap\video_180s1080p_01.pcap,"0,6,0 0,9,0 0,10,0 0,13,0.2 0,14,0.0437828 6,0,3.55764 6,9,7 6,10,4.1 6,13,3.6 6,14,3.79336 9,0,7.50633 9,6,9.5 9,10,6.66667 9,13,9 9,14,7.56954 10,0,3.41076 10,6,4.44444 10,9,4 10,13,4.6 10,14,3.82218 13,0,6.30041 13,6,6.28571 13,9,11 13,10,7.71429 13,14,6.81579 14,0,0 14,6,0 14,9,0 14,10,0 14,13,0.4"
192.168.1.149:57148,130.206.193.109:443,C:\Users\macie\Downloads\pcap_video.tar\pcap_video\pcap\video_180s1080p_01.pcap,"0,1,1 0,2,0 0,3,0 0,5,1 0,6,0 0,7,0 0,9,0 0,10,0 0,13,75.6667 0,14,0.113043 1,0,339.082 1,2,0 1,3,326 1,6,364.833 1,7,339 1,9,330 1,10,349.333 1,13,320 1,14,333.424 2,0,339.678 2,3,326 2,6,364.5 2,7,338 2,9,330 2,10,348.667 2,13,319 2,14,333.148 3,0,28.6293 3,6,38.5 3,7,12 3,9,18 3,10,22.6667 3,13,31 3,14,28.0559 5,0,357.273 5,1,19 5,2,19 5,3,345 5,6,384 5,7,358 5,9,349.5 5,10,368.333 5,13,339 5,14,352.459 6,0,1.44079 6,10,2 6,13,2 6,14,1.46108 7,0,17.4652 7,6,25.8333 7,9,5 7,10,10.3333 7,13,19 7,14,17.9899 9,0,14.9344 9,3,9 9,6,20 9,7,22 9,10,13.6667 9,13,13 9,14,15.242 10,0,5.39921 10,6,8.33333 10,9,2 10,13,4.5 10,14,6.32955 13,0,46.075 13,3,82 13,6,4.66667 13,7,94 13,9,86 13,10,69 13,14,51.1426 14,0,0 14,3,0 14,6,0 14,7,0 14,9,0 14,10,0 14,13,0"
192.168.1.149:57148,130.206.193.109:443,C:\Users\macie\Downloads\pcap_video.tar\pcap_video\pcap\video_180s1080p_01.pcap,"0,1,0 0,6,0.142857 0,9,0 0,10,0 0,13,0 0,14,0.0545073 1,0,22.9305 1,6,14.25 1,9,38 1,10,31.1111 1,13,14.5 1,14,22.8796 6,0,5.24678 6,1,0 6,9,7 6,10,6.6 6,13,4.33333 6,14,4.8451 9,0,3.74074 9,10,4.5 9,14,3.78431 10,0,9.77897 10,1,16 10,6,15.4286 10,9,1 10,13,10 10,14,9.2541 13,0,9.41576 13,1,10 13,6,7.5 13,9,15 13,10,11.6667 13,14,9.28378 14,0,0.00214592 14,1,0 14,6,0 14,9,0 14,10,0 14,13,0"
192.168.1.149:57148,130.206.193.109:443,C:\Users\macie\Downloads\pcap_video.tar\pcap_video\pcap\video_180s1080p_01.pcap,"0,4,0 0,5,0 0,6,0.111111 0,9,0 0,10,0 0,13,5.66667 0,14,1.14745 4,0,5.33333 4,6,5.66667 4,10,5.5 4,13,7 4,14,5.84483 5,0,312.235 5,4,313 5,6,319.667 5,10,318.5 5,13,219 5,14,318.65 6,0,27.4009 6,4,321 6,5,7 6,9,5 6,10,40.3333 6,13,7.66667 6,14,46.28 9,0,85.1042 9,4,319 9,5,5 9,6,129.625 9,10,81.8889 9,13,224.333 9,14,136.529 10,0,24.7231 10,4,315 10,5,1 10,6,3.28571 10,9,3 10,13,6.33333 10,14,36.3575 13,0,100.753 13,4,297 13,6,103 13,10,152.5 13,14,137.096 14,0,0.0765766 14,4,0 14,5,0 14,6,0 14,9,0 14,10,0 14,13,5.33333"
192.168.1.149:57148,130.206.193.109:443,C:\Users\macie\Downloads\pcap_video.tar\pcap_video\pcap\video_180s1080p_01.pcap,"0,6,0 0,9,0 0,10,0.125 0,11,0 0,13,0 0,14,0.0307942 6,0,2.43155 6,9,10 6,10,3 6,11,1 6,13,1.4 6,14,2.60032 9,0,0 9,14,0.277778 10,0,4.19427 10,6,4.66667 10,9,4 10,11,5 10,13,4 10,14,4.22607 11,0,29.9143 11,6,26.6667 11,9,59 11,10,33.6667 11,13,29.5 11,14,30.2347 13,0,6.86254 13,6,6.90909 13,9,12 13,10,7.28571 13,11,9 13,14,6.91993 14,0,0 14,6,0 14,9,0 14,10,0.125 14,11,0 14,13,0"
192.168.1.149:57148,130.206.193.109:443,C:\Users\macie\Downloads\pcap_video.tar\pcap_video\pcap\video_180s1080p_01.pcap,"0,6,0 0,9,0 0,10,0 0,13,0 0,14,0.0460653 6,0,4.22197 6,9,4 6,10,2.875 6,13,1.25 6,14,4.27027 9,0,19.9102 9,6,23.75 9,10,18.2857 9,13,32.25 9,14,20.9262 10,0,4.65057 10,6,5.125 10,9,5 10,13,5 10,14,4.64919 13,0,5.09259 13,6,7.6 13,10,5.5 13,14,5.29752 14,0,0 14,6,0 14,9,0 14,10,0 14,13,0"
192.168.1.149:57142,130.206.193.109:443,C:\Users\macie\Downloads\pcap_video.tar\pcap_video\pcap\video_180s1080p_01.pcap,"0,4,0 0,6,0 0,10,0.166667 0,12,0 0,13,117.833 0,14,0.0462428 4,0,22.9664 4,6,17.3333 4,10,20.25 4,13,20 4,14,19.8662 6,0,79.5232 6,4,734 6,10,127.333 6,12,1 6,13,125.833 6,14,106.601 10,0,64.8338 10,4,747 10,6,7 10,12,4 10,13,149.2 10,14,78.9205 12,0,700.195 12,4,743 12,6,458.4 12,10,764 12,13,753.25 12,14,715.837 13,0,7.49318 13,4,22 13,6,9.85714 13,10,8 13,12,8 13,14,8.58586 14,0,1.57642 14,4,0 14,6,0 14,10,0 14,12,0 14,13,117.833"
192.168.1.149:57142,130.206.193.109:443,C:\Users\macie\Downloads\pcap_video.tar\pcap_video\pcap\video_180s1080p_01.pcap,"0,6,0 0,10,0 0,11,0 0,13,0 0,14,0.0231092 6,0,2.2321 6,10,2.4 6,11,5 6,13,1.75 6,14,2.29385 10,0,5.22989 10,6,5.36364 10,11,1 10,13,5.5 10,14,5.33494 11,0,27.3843 11,6,24.6923 11,10,30.2 11,13,30.25 11,14,27.4599 13,0,5.54639 13,6,5.9 13,10,5.75 13,11,7 13,14,5.56486 14,0,0 14,6,0 14,10,0 14,11,0 14,13,0"
192.168.1.149:57148,130.206.193.109:443,C:\Users\macie\Downloads\pcap_video.tar\pcap_video\pcap\video_180s1080p_01.pcap,"0,3,0 0,4,0 0,6,0.0769231 0,10,0 0,12,0 0,13,18.8571 0,14,0.0961857 3,0,212.802 3,4,178 3,6,212.818 3,10,209.833 3,13,203 3,14,210.304 4,0,35.9486 4,6,33.8182 4,10,30.8333 4,13,35.8333 4,14,32.7561 6,0,20.8612 6,3,0 6,4,179 6,10,27.8571 6,12,0 6,13,20.5714 6,14,23.0464 10,0,16.9765 10,3,3 10,4,182 10,6,4.83333 10,12,3 10,13,23.4286 10,14,18.3838 12,0,211.549 12,3,0 12,4,179 12,6,212.818 12,10,210.167 12,13,203 12,14,209.225 13,0,11.4427 13,4,46 13,6,9.90909 13,10,12.8333 13,14,12.2065 14,0,0.417582 14,3,0 14,4,0 14,6,0 14,10,0 14,12,0 14,13,18.8571"
192.168.1.149:57148,130.206.193.109:443,C:\Users\macie\Downloads\pcap_video.tar\pcap_video\pcap\video_180s1080p_01.pcap,"0,5,0 0,6,0 0,9,0 0,10,0 0,12,0 0,13,0.333333 0,14,0.0262238 5,0,20.6298 5,6,25.8333 5,9,10 5,10,20 5,13,26.5 5,14,20.6063 6,0,3.67639 6,5,6 6,9,5 6,10,3.85714 6,12,5 6,13,2.66667 6,14,3.90146 9,0,15.8296 9,6,20 9,10,12.75 9,13,16 9,14,15.8378 10,0,4.73552 10,5,9 10,6,5.5 10,9,2 10,12,3 10,13,4.66667 10,14,5.11817 12,0,26.0845 12,5,16 12,6,33.625 12,9,27 12,10,31.8333 12,13,43 12,14,30.0196 13,0,15.1064 13,5,25 13,6,14.3333 13,9,35 13,10,20.1429 13,12,8 13,14,16.983 14,0,0.00496278 14,5,0 14,6,0 14,9,0 14,10,0 14,12,0 14,13,0.333333"
192.168.1.149:57142,130.206.193.109:443,C:\Users\macie\Downloads\pcap_video.tar\pcap_video\pcap\video_180s1080p_01.pcap,"0,4,0 0,6,0.125 0,9,0 0,10,0.125 0,13,30.25 0,14,0.234637 4,0,13.7521 4,6,17 4,10,14 4,13,13.5 4,14,13.8874 6,0,36.6795 6,4,278 6,9,6.5 6,10,50.6667 6,13,35.5 6,14,47.7755 9,0,95.0139 9,4,267 9,6,180.625 9,10,108 9,13,174.75 9,14,137.047 10,0,26.9463 10,4,283 10,6,4.375 10,9,5.66667 10,13,39.5 10,14,30.0244 13,0,46.2337 13,4,145 13,6,35.2 13,9,4 13,10,53.3333 13,14,47.7288 14,0,0.336384 14,4,0 14,6,0.125 14,9,0 14,10,0.125 14,13,30.25"
192.168.1.149:57142,130.206.193.109:443,C:\Users\macie\Downloads\pcap_video.tar\pcap_video\pcap\video_180s1080p_01.pcap,"0,6,0 0,10,0 0,12,0 0,13,0 0,14,0.0215264 6,0,4.13901 6,10,2.66667 6,12,5 6,13,4.75 6,14,4.02985 10,0,4.73502 10,6,6.5 10,12,2 10,13,4.5 10,14,4.69799 12,0,4.83133 12,6,4 12,10,7 12,14,4.875 13,0,6.38126 13,6,4.77778 13,10,7.16667 13,12,8 13,14,6.23077 14,0,0 14,6,0 14,10,0 14,12,0 14,13,0"
192.168.1.149:57142,130.206.193.109:443,C:\Users\macie\Downloads\pcap_video.tar\pcap_video\pcap\video_180s1080p_01.pcap,"0,5,0 0,6,0 0,9,1 0,10,0 0,13,0 0,14,0.0269784 5,0,29.7614 5,6,37.0909 5,9,31 5,10,31.8571 5,13,47.4 5,14,35.935 6,0,3.3886 6,9,7 6,10,4 6,13,1.8 6,14,3.23194 9,0,18.257 9,6,19.1429 9,10,16.25 9,13,21.75 9,14,18.9786 10,0,5.27978 10,6,5.33333 10,9,17 10,13,5.6 10,14,5.43687 13,0,5.24 13,6,5.75 13,9,9 13,10,6 13,14,5.63636 14,0,0.00239234 14,5,0 14,6,0 14,9,1 14,10,0 14,13,0"
192.168.1.149:57148,130.206.193.109:443,C:\Users\macie\Downloads\pcap_video.tar\pcap_video\pcap\video_180s1080p_01.pcap,"0,4,0 0,6,0 0,10,0 0,11,215 0,13,0 0,14,0.482633 4,0,14.3415 4,6,16.8 4,10,13.6667 4,13,14 4,14,14.4873 6,0,30.2902 6,4,261 6,10,45.6667 6,11,229 6,13,2 6,14,37.9669 10,0,40.8962 10,4,259 10,6,4.28571 10,11,227 10,13,5.5 10,14,39.5463 11,0,43.9648 11,4,31 11,6,48.8 11,10,45.6667 11,13,45.5 11,14,44.888 13,0,40.1401 13,4,271 13,6,28.3333 13,10,52.3333 13,11,239 13,14,50.0372 14,0,0 14,4,0 14,6,0 14,10,0 14,11,215 14,13,0"
192.168.1.149:57142,130.206.193.109:443,C:\Users\macie\Downloads\pcap_video.tar\pcap_video\pcap\video_180s1080p_01.pcap,"0,4,0 0,6,0.0714286 0,10,0 0,13,3.71429 0,14,0.789137 4,0,22.8516 4,6,23 4,10,20.3333 4,13,26.3333 4,14,21.117 6,0,29.4565 6,4,255 6,10,38.5714 6,13,5 6,14,31.2521 10,0,23.109 10,4,261 10,6,4.92308 10,13,9 10,14,24.3812 13,0,39.417 13,4,230 13,6,25.0909 13,10,41.5 13,14,41.6157 14,0,0.125364 14,4,0 14,6,0 14,10,0 14,13,3.57143"
192.168.1.149:57148,130.206.193.109:443,C:\Users\macie\Downloads\pcap_video.tar\pcap_video\pcap\video_180s1080p_01.pcap,"0,4,0 0,6,0 0,7,0 0,10,0 0,13,41 0,14,0.617308 4,0,29.2494 4,6,27.2222 4,10,24.2 4,13,29.6 4,14,27.2831 6,0,34.0596 6,4,316 6,7,2 6,10,65.6 6,13,49.8333 6,14,48.06 7,0,341.308 7,4,314 7,6,341.333 7,10,338.8 7,13,334.167 7,14,340.102 10,0,4.75827 10,6,4.55556 10,13,4.6 10,14,4.71635 13,0,7.62806 13,4,26 13,6,7.7 13,7,5 13,10,10 13,14,8.85433 14,0,0 14,4,0 14,6,0 14,7,0 14,10,0 14,13,41"
192.168.1.149:57148,130.206.193.109:443,C:\Users\macie\Downloads\pcap_video.tar\pcap_video\pcap\video_180s1080p_01.pcap,"0,6,0.0909091 0,9,0 0,10,0 0,13,0 0,14,0.0431894 6,0,3.69863 6,9,7 6,10,5.11111 6,13,1.5 6,14,3.96512 9,0,11.9947 9,6,15.8333 9,10,9.33333 9,13,13 9,14,12.0978 10,0,4.52226 10,6,5.6 10,9,3.5 10,13,5.75 10,14,4.58957 13,0,10.85 13,6,10 13,9,16.5 13,10,14 13,14,11.2308 14,0,0 14,6,0.1 14,9,0 14,10,0 14,13,0"
192.168.1.149:57142,130.206.193.109:443,C:\Users\macie\Downloads\pcap_video.tar\pcap_video\pcap\video_180s1080p_01.pcap,"0,4,0 0,5,0 0,6,0 0,7,0 0,9,0 0,10,0 0,12,0 0,13,38.5 0,14,0.178322 4,0,12.1905 4,6,14.25 4,10,8.5 4,13,13.5 4,14,12.2915 5,0,168.497 5,4,238 5,6,203.2 5,7,13 5,9,10 5,10,167 5,13,224 5,14,168.813 6,0,25.8175 6,4,233 6,5,5 6,7,8 6,9,5 6,10,41.3333 6,12,6 6,13,42.25 6,14,32.9854 7,0,233.517 7,4,225 7,6,239.25 7,10,233.5 7,13,210.333 7,14,235.959 9,0,216.643 9,4,228 9,6,242.25 9,7,3 9,10,236.5 9,13,213.667 9,14,218.63 10,0,19.8141 10,4,231 10,5,2 10,6,5.875 10,7,5 10,9,2 10,12,3 10,13,43.5 10,14,24.0532 12,0,133.487 12,4,249 12,5,10 12,6,178.667 12,7,23 12,9,20 12,10,134.75 12,13,234.333 12,14,145.192 13,0,20.0485 13,4,70 13,5,19 13,6,18.4286 13,7,32 13,9,29 13,10,25.2 13,12,8 13,14,23.2427 14,0,0.439206 14,4,0 14,5,0 14,6,0 14,7,0 14,9,0 14,10,0 14,12,0 14,13,38.5"
192.168.1.149:57142,130.206.193.109:443,C:\Users\macie\Downloads\pcap_video.tar\pcap_video\pcap\video_180s1080p_01.pcap,"0,6,0 0,9,0 0,10,0 0,13,0 0,14,0.0183486 6,0,4.49398 6,9,9 6,10,4.28571 6,13,5.5 6,14,4.07752 9,0,7.01724 9,6,9 9,10,8 9,13,6 9,14,7.03604 10,0,4.35047 10,6,4.8 10,9,2 10,13,4.25 10,14,4.48429 13,0,11.6938 13,6,6.88889 13,9,25 13,10,12.2857 13,14,10.2495 14,0,0 14,6,0 14,9,0 14,10,0 14,13,0"
192.168.1.149:57142,130.206.193.109:443,C:\Users\macie\Downloads\pcap_video.tar\pcap_video\pcap\video_180s1080p_01.pcap,"0,6,0 0,9,0 0,10,0 0,13,0 0,14,0.0223881 6,0,4.42588 6,9,3 6,10,4.625 6,13,4.83333 6,14,4.25905 9,0,35.9364 9,6,30.5 9,10,31.875 9,13,36.3333 9,14,30.9176 10,0,4.98985 10,6,5.875 10,13,4.83333 10,14,4.96516 13,0,4.45622 13,6,4.44444 13,9,4 13,10,5.25 13,14,4.83302 14,0,0 14,6,0 14,9,0 14,10,0 14,13,0"
192.168.1.149:57148,130.206.193.109:443,C:\Users\macie\Downloads\pcap_video.tar\pcap_video\pcap\video_180s1080p_01.pcap,"0,2,0 0,4,0 0,6,0 0,8,0 0,9,0 0,10,0 0,13,19.7143 0,14,0.743446 2,0,195.338 2,4,232 2,6,223.75 2,9,0 2,10,233 2,13,205 2,14,196.204 4,0,2.93023 4,6,7 4,10,0 4,13,6 4,14,2.975 6,0,21.1132 6,2,2 6,4,6 6,8,0 6,9,2 6,10,3.2 6,13,30.5 6,14,18.565 8,0,183.631 8,2,2 8,4,235 8,6,226 8,9,2 8,10,235 8,13,207.667 8,14,184.744 9,0,197.124 9,4,232 9,6,223.75 9,10,233 9,13,205 9,14,197.119 10,0,88.3559 10,2,4 10,4,237 10,6,70 10,8,2 10,9,4 10,13,67.1667 10,14,73.821 13,0,17.0526 13,2,8 13,4,11 13,6,13.9091 13,8,6 13,9,8 13,10,6.4 13,14,14.6135 14,0,0 14,2,0 14,4,0 14,6,0 14,8,0 14,9,0 14,10,0 14,13,19.7143"
192.168.1.149:57148,130.206.193.109:443,C:\Users\macie\Downloads\pcap_video.tar\pcap_video\pcap\video_180s1080p_01.pcap,"0,6,0 0,9,0 0,10,0 0,13,0 0,14,0.0272232 6,0,3.73925 6,9,5 6,10,2.85714 6,13,2.75 6,14,3.49699 9,0,2.4902 9,6,5 9,10,2 9,14,2.55102 10,0,4.80929 10,6,6.2 10,9,3 10,13,5.75 10,14,5.1757 13,0,8.76401 13,6,8.22222 13,9,17 13,10,9 13,14,7.92308 14,0,0 14,6,0 14,9,0 14,10,0 14,13,0"
192.168.1.149:57142,130.206.193.109:443,C:\Users\macie\Downloads\pcap_video.tar\pcap_video\pcap\video_180s1080p_01.pcap,"0,2,0 0,4,0 0,6,0.181818 0,8,0 0,9,0 0,10,0 0,12,0 0,13,13 0,14,0.258528 2,0,197.432 2,4,177 2,6,176 2,9,228 2,10,207.667 2,12,208 2,13,141.333 2,14,197.553 4,0,30.3521 4,6,22.4286 4,9,51 4,10,29.8333 4,12,30 4,13,11.5 4,14,25.9672 6,0,22.9448 6,2,4 6,4,172 6,8,0 6,9,5 6,10,32.3333 6,12,3 6,13,14.3333 6,14,26.9087 8,0,190.907 8,2,4 8,4,182 8,6,180.875 8,9,233 8,10,212.667 8,12,213 8,13,146.333 8,14,194.848 9,0,162.523 9,2,25 9,4,203 9,6,151.455 9,8,21 9,10,191.167 9,12,234 9,13,167.333 9,14,181.035 10,0,4.44964 10,6,5.85714 10,9,0 10,12,5 10,13,4 10,14,4.69877 12,0,13.1776 12,6,8 12,9,20 12,10,15.6667 12,14,11.6437 13,0,38.0464 13,4,132 13,6,29.7143 13,9,33 13,10,39.3333 13,12,13 13,14,38.8133 14,0,0.153846 14,2,0 14,4,0 14,6,0.181818 14,8,0 14,9,0 14,10,0 14,12,0 14,13,13"
192.168.1.149:57142,130.206.193.109:443,C:\Users\macie\Downloads\pcap_video.tar\pcap_video\pcap\video_180s1080p_01.pcap,"0,5,0 0,6,0 0,10,0 0,13,0 0,14,0.0125 5,0,23.1649 5,6,24.125 5,10,33.75 5,13,14.6667 5,14,23.218 6,0,3.60142 6,5,5 6,10,4 6,13,4 6,14,3.69287 10,0,7.11088 10,5,2 10,6,7.77778 10,13,8.5 10,14,7.1688 13,0,6.77753 13,5,7 13,6,5.77778 13,10,9.2 13,14,6.98126 14,0,0 14,5,0 14,6,0 14,10,0 14,13,0"
192.168.1.149:57148,130.206.193.109:443,C:\Users\macie\Downloads\pcap_video.tar\pcap_video\pcap\video_180s1080p_01.pcap,"0,4,0 0,6,0 0,9,0 0,10,0 0,12,0 0,13,46 0,14,0.0315582 4,0,4.17105 4,6,2 4,10,2 4,12,5 4,14,4.26389 6,0,32.4015 6,4,5 6,10,3.66667 6,12,2 6,13,47.2 6,14,30.4251 9,0,210.812 9,4,307 9,6,170.222 9,10,156.167 9,12,312 9,13,171.2 9,14,187.391 10,0,69.5568 10,4,2 10,6,62.6667 10,9,2 10,12,3 10,13,103 10,14,63.3115 12,0,1.55556 12,14,1.57692 13,0,9.7675 13,4,7 13,6,9.25 13,10,5.16667 13,12,12 13,14,9.41629 14,0,0.544872 14,4,0 14,6,0 14,9,0 14,10,0 14,12,0 14,13,46"
192.168.1.149:57148,130.206.193.109:443,C:\Users\macie\Downloads\pcap_video.tar\pcap_video\pcap\video_180s1080p_01.pcap,"0,5,0 0,6,0.0909091 0,9,0 0,10,0 0,13,0 0,14,0.033389 5,0,33.4112 5,6,43.3 5,9,12 5,10,35 5,13,44 5,14,37.1807 6,0,3.96791 6,5,5 6,9,5 6,10,4.125 6,13,2.5 6,14,3.9616 9,0,30.8034 9,6,34.5556 9,10,26.5 9,13,31 9,14,31.0067 10,0,5.10541 10,5,3 10,6,5.8 10,9,2 10,13,5.25 10,14,4.98787 13,0,5.67553 13,6,6.125 13,10,6 13,14,5.72099 14,0,0.00266667 14,5,0 14,6,0 14,9,0 14,10,0 14,13,0"
192.168.1.149:57142,130.206.193.109:443,C:\Users\macie\Downloads\pcap_video.tar\pcap_video\pcap\video_180s1080p_01.pcap,"0,4,0 0,6,0 0,7,0 0,9,0 0,10,0.142857 0,13,13.5714 0,14,0.167774 4,0,5.26531 4,6,8.5 4,10,2 4,13,8 4,14,5.32632 6,0,26.6858 6,4,198 6,7,1 6,9,6 6,10,33.2857 6,13,25.7143 6,14,27.14 7,0,177.766 7,4,196 7,6,205 7,10,199 7,13,183 7,14,188.858 9,0,95.3851 9,4,220 9,6,99.8 9,7,23 9,10,62 9,13,140.667 9,14,95.7542 10,0,25.4591 10,4,201 10,6,5.22222 10,7,4 10,9,3 10,13,36.6 10,14,22.3842 13,0,12.488 13,4,34 13,6,9.9 13,7,13 13,9,12 13,10,13.8571 13,14,12.6909 14,0,0.304348 14,4,0 14,6,0 14,7,0 14,9,0 14,10,0.142857 14,13,13.5714"
192.168.1.149:57142,130.206.193.109:443,C:\Users\macie\Downloads\pcap_video.tar\pcap_video\pcap\video_180s1080p_01.pcap,"0,5,0 0,6,0.1 0,9,0 0,10,0 0,11,0 0,13,0 0,14,0.0854271 5,0,23.7868 5,6,23.6667 5,9,8 5,10,17.6 5,13,29.3333 5,14,20.0245 6,0,3.05915 6,5,5 6,9,2 6,10,3.57143 6,11,5 6,13,1.75 6,14,3.40975 9,0,19.3538 9,6,18.6 9,10,11.75 9,13,21 9,14,16.4496 10,0,4.61141 10,5,1 10,6,5.4 10,9,2 10,11,7 10,13,5 10,14,4.58031 11,0,26.0102 11,5,5 11,6,25.4286 11,9,14 11,10,20.1667 11,13,35.3333 11,14,21.7836 13,0,14.6058 13,5,24 13,6,14.1111 13,9,33 13,10,20.8571 13,11,18 13,14,16.9832 14,0,0.00265252 14,5,0 14,6,0.1 14,9,0 14,10,0 14,11,0 14,13,0"
192.168.1.149:57142,130.206.193.109:443,C:\Users\macie\Downloads\pcap_video.tar\pcap_video\pcap\video_180s1080p_01.pcap,"0,4,1 0,6,0 0,9,0 0,10,0 0,13,5.83333 0,14,1.04299 4,0,4.52336 4,6,4.5 4,10,5 4,13,5.5 4,14,4.57282 6,0,29.8018 6,4,329 6,9,2 6,10,56.5 6,13,8.83333 6,14,45.5245 9,0,325.825 9,4,326 9,6,331.5 9,10,332 9,13,233.333 9,14,330.908 10,0,27.2741 10,4,341 10,6,5.375 10,9,14 10,13,11.5 10,14,39.3573 13,0,47.915 13,4,291 13,6,38.375 13,9,6 13,10,60.8 13,14,67.6726 14,0,0.120729 14,4,1 14,6,0 14,9,0 14,10,0 14,13,5.83333"
192.168.1.149:57142,130.206.193.109:443,C:\Users\macie\Downloads\pcap_video.tar\pcap_video\pcap\video_180s1080p_01.pcap,"0,2,0 0,3,0 0,6,0 0,9,0 0,10,0 0,13,0.2 0,14,0.028777 2,0,9.4023 2,3,14 2,6,3 2,9,9 2,10,6 2,14,8.20312 3,0,0.666667 3,14,0.777778 6,0,3.98034 6,2,9 6,3,10 6,9,5 6,10,2.2 6,13,3.6 6,14,3.8633 9,0,3.39216 9,3,4 9,14,3.0339 10,0,6.35043 10,2,11 10,3,7 10,6,7.75 10,9,2 10,13,6 10,14,6.46398 13,0,6.47859 13,2,5 13,3,20 13,6,5.333